[0.000000] (-) TimerEvent: {}
[0.000366] (status_interfaces) JobQueued: {'identifier': 'status_interfaces', 'dependencies': OrderedDict()}
[0.000606] (status_display) JobQueued: {'identifier': 'status_display', 'dependencies': OrderedDict([('status_interfaces', '/home/loser/learning_ros2/chapt3/topic_practice_ws/install/status_interfaces')])}
[0.000688] (status_publisher) JobQueued: {'identifier': 'status_publisher', 'dependencies': OrderedDict([('status_interfaces', '/home/loser/learning_ros2/chapt3/topic_practice_ws/install/status_interfaces')])}
[0.000703] (status_interfaces) JobStarted: {'identifier': 'status_interfaces'}
[0.006771] (status_interfaces) JobProgress: {'identifier': 'status_interfaces', 'progress': 'cmake'}
[0.008234] (status_interfaces) Command: {'cmd': ['/usr/bin/cmake', '/home/loser/learning_ros2/chapt3/topic_practice_ws/src/status_interfaces', '-DCMAKE_INSTALL_PREFIX=/home/loser/learning_ros2/chapt3/topic_practice_ws/install/status_interfaces'], 'cwd': '/home/loser/learning_ros2/chapt3/topic_practice_ws/build/status_interfaces', 'env': OrderedDict([('GJS_DEBUG_TOPICS', 'JS ERROR;JS LOG'), ('LESSOPEN', '| /usr/bin/lesspipe %s'), ('LANGUAGE', 'zh_CN:en_US:en'), ('USER', 'loser'), ('LC_TIME', 'zh_CN.UTF-8'), ('XDG_SESSION_TYPE', 'x11'), ('GIT_ASKPASS', '/usr/share/code/resources/app/extensions/git/dist/askpass.sh'), ('SHLVL', '1'), ('LD_LIBRARY_PATH', '/home/loser/learning_ros2/chapt3/topic_practice_ws/install/status_interfaces/lib:/usr/local/cuda-12.8/lib64:/opt/ros/humble/opt/rviz_ogre_vendor/lib:/opt/ros/humble/lib/x86_64-linux-gnu:/opt/ros/humble/lib:/usr/local/cuda-12.8/lib64:'), ('HOME', '/home/loser'), ('CHROME_DESKTOP', 'com.microsoft.VSCode.desktop'), ('OLDPWD', '/home/loser/learning_ros2/chapt3/topic_practice_ws/src/status_display'), ('TERM_PROGRAM_VERSION', '1.140.0'), ('DESKTOP_SESSION', 'ubuntu'), ('GIO_LAUNCHED_DESKTOP_FILE', '/usr/share/applications/com.microsoft.VSCode.desktop'), ('ROS_PYTHON_VERSION', '3'), ('GNOME_SHELL_SESSION_MODE', 'ubuntu'), ('GTK_MODULES', 'gail:atk-bridge'), ('VSCODE_GIT_ASKPASS_MAIN', '/usr/share/code/resources/app/extensions/git/dist/askpass-main.js'), ('LC_MONETARY', 'zh_CN.UTF-8'), ('VSCODE_GIT_ASKPASS_NODE', '/usr/share/code/code'), ('MANAGERPID', '1807'), ('PYDEVD_DISABLE_FILE_VALIDATION', '1'), ('SYSTEMD_EXEC_PID', '2066'), ('BUNDLED_DEBUGPY_PATH', '/home/loser/.vscode/extensions/ms-python.debugpy-2026.6.0-linux-x64/bundled/libs/debugpy'), ('VSCODE_PYTHON_AUTOACTIVATE_GUARD', '1'), ('DBUS_SESSION_BUS_ADDRESS', 'unix:path=/run/user/1000/bus'), ('COLORTERM', 'truecolor'), ('GIO_LAUNCHED_DESKTOP_FILE_PID', '3570'), ('COLCON_PREFIX_PATH', '/home/loser/learning_ros2/chapt3/topic_practice_ws/install:/home/loser/learning_ros2/chapt3/topic_ws/install'), ('ROS_DISTRO', 'humble'), ('GTK_IM_MODULE', 'ibus'), ('LOGNAME', 'loser'), ('JOURNAL_STREAM', '8:18204'), ('_', '/usr/bin/colcon'), ('ROS_VERSION', '2'), ('CLAUDE_CODE_SSE_PORT', '10971'), ('XDG_SESSION_CLASS', 'user'), ('USERNAME', 'loser'), ('TERM', 'xterm-256color'), ('GNOME_DESKTOP_SESSION_ID', 'this-is-deprecated'), ('FC_FONTATIONS', '1'), ('ROS_LOCALHOST_ONLY', '0'), ('WINDOWPATH', '2'), ('PATH', '/home/loser/.local/bin:/usr/local/cuda-12.8/bin:/home/loser/.config/Code/User/globalStorage/github.copilot-chat/debugCommand:/home/loser/.config/Code/User/globalStorage/github.copilot-chat/copilotCli:/home/loser/.local/bin:/opt/ros/humble/bin:/home/loser/.local/bin:/usr/local/cuda-12.8/bin:/home/loser/.local/bin:/usr/local/sbin:/usr/local/bin:/usr/sbin:/usr/bin:/sbin:/bin:/usr/games:/usr/local/games:/snap/bin:/snap/bin:/home/loser/.vscode/extensions/ms-python.debugpy-2026.6.0-linux-x64/bundled/scripts/noConfigScripts'), ('SESSION_MANAGER', 'local/loser:@/tmp/.ICE-unix/2038,unix/loser:/tmp/.ICE-unix/2038'), ('INVOCATION_ID', '42935d3731024a9eba71ea25df45abd8'), ('PAPERSIZE', 'a4'), ('XDG_MENU_PREFIX', 'gnome-'), ('LC_ADDRESS', 'zh_CN.UTF-8'), ('XDG_RUNTIME_DIR', '/run/user/1000'), ('GDK_BACKEND', 'x11'), ('DISPLAY', ':1'), ('VSCODE_DEBUGPY_ADAPTER_ENDPOINTS', '/home/loser/.vscode/extensions/ms-python.debugpy-2026.6.0-linux-x64/.noConfigDebugAdapterEndpoints/endpoint-00fe9316e09dcda9.txt'), ('LANG', 'zh_CN.UTF-8'), ('XDG_CURRENT_DESKTOP', 'ubuntu:GNOME'), ('PYTHONSTARTUP', '/home/loser/.config/Code/User/workspaceStorage/903f5eb7d7f94aea23b675e5f87fe662/ms-python.python/pythonrc.py'), ('LC_TELEPHONE', 'zh_CN.UTF-8'), ('XMODIFIERS', '@im=ibus'), ('XDG_SESSION_DESKTOP', 'ubuntu'), ('XAUTHORITY', '/run/user/1000/gdm/Xauthority'), ('LS_COLORS', 'rs=0:di=01;34:ln=01;36:mh=00:pi=40;33:so=01;35:do=01;35:bd=40;33;01:cd=40;33;01:or=40;31;01:mi=00:su=37;41:sg=30;43:ca=30;41:tw=30;42:ow=34;42:st=37;44:ex=01;32:*.tar=01;31:*.tgz=01;31:*.arc=01;31:*.arj=01;31:*.taz=01;31:*.lha=01;31:*.lz4=01;31:*.lzh=01;31:*.lzma=01;31:*.tlz=01;31:*.txz=01;31:*.tzo=01;31:*.t7z=01;31:*.zip=01;31:*.z=01;31:*.dz=01;31:*.gz=01;31:*.lrz=01;31:*.lz=01;31:*.lzo=01;31:*.xz=01;31:*.zst=01;31:*.tzst=01;31:*.bz2=01;31:*.bz=01;31:*.tbz=01;31:*.tbz2=01;31:*.tz=01;31:*.deb=01;31:*.rpm=01;31:*.jar=01;31:*.war=01;31:*.ear=01;31:*.sar=01;31:*.rar=01;31:*.alz=01;31:*.ace=01;31:*.zoo=01;31:*.cpio=01;31:*.7z=01;31:*.rz=01;31:*.cab=01;31:*.wim=01;31:*.swm=01;31:*.dwm=01;31:*.esd=01;31:*.jpg=01;35:*.jpeg=01;35:*.mjpg=01;35:*.mjpeg=01;35:*.gif=01;35:*.bmp=01;35:*.pbm=01;35:*.pgm=01;35:*.ppm=01;35:*.tga=01;35:*.xbm=01;35:*.xpm=01;35:*.tif=01;35:*.tiff=01;35:*.png=01;35:*.svg=01;35:*.svgz=01;35:*.mng=01;35:*.pcx=01;35:*.mov=01;35:*.mpg=01;35:*.mpeg=01;35:*.m2v=01;35:*.mkv=01;35:*.webm=01;35:*.webp=01;35:*.ogm=01;35:*.mp4=01;35:*.m4v=01;35:*.mp4v=01;35:*.vob=01;35:*.qt=01;35:*.nuv=01;35:*.wmv=01;35:*.asf=01;35:*.rm=01;35:*.rmvb=01;35:*.flc=01;35:*.avi=01;35:*.fli=01;35:*.flv=01;35:*.gl=01;35:*.dl=01;35:*.xcf=01;35:*.xwd=01;35:*.yuv=01;35:*.cgm=01;35:*.emf=01;35:*.ogv=01;35:*.ogx=01;35:*.aac=00;36:*.au=00;36:*.flac=00;36:*.m4a=00;36:*.mid=00;36:*.midi=00;36:*.mka=00;36:*.mp3=00;36:*.mpc=00;36:*.ogg=00;36:*.ra=00;36:*.wav=00;36:*.oga=00;36:*.opus=00;36:*.spx=00;36:*.xspf=00;36:'), ('VSCODE_GIT_IPC_HANDLE', '/run/user/1000/vscode-git-95600973bf.sock'), ('TERM_PROGRAM', 'vscode'), ('SSH_AGENT_LAUNCHER', 'gnome-keyring'), ('SSH_AUTH_SOCK', '/run/user/1000/keyring/ssh'), ('AMENT_PREFIX_PATH', '/home/loser/learning_ros2/chapt3/topic_practice_ws/install/status_publisher:/home/loser/learning_ros2/chapt3/topic_practice_ws/install/status_interfaces:/home/loser/learning_ros2/chapt3/topic_ws/install/demo_python_topic:/home/loser/learning_ros2/chapt3/topic_ws/install/demo_cpp_topic:/opt/ros/humble'), ('SHELL', '/bin/bash'), ('LC_NAME', 'zh_CN.UTF-8'), ('QT_ACCESSIBILITY', '1'), ('GDMSESSION', 'ubuntu'), ('LESSCLOSE', '/usr/bin/lesspipe %s %s'), ('LC_MEASUREMENT', 'zh_CN.UTF-8'), ('GPG_AGENT_INFO', '/run/user/1000/gnupg/S.gpg-agent:0:1'), ('GJS_DEBUG_OUTPUT', 'stderr'), ('LC_IDENTIFICATION', 'zh_CN.UTF-8'), ('VSCODE_GIT_ASKPASS_EXTRA_ARGS', ''), ('QT_IM_MODULE', 'ibus'), ('PWD', '/home/loser/learning_ros2/chapt3/topic_practice_ws/build/status_interfaces'), ('LC_ALL', 'en_US.UTF-8'), ('XDG_CONFIG_DIRS', '/etc/xdg/xdg-ubuntu:/etc/xdg'), ('COPILOT_DEBUG_NONCE', '99724c0eb217d5a8607c718ce98a4790'), ('XDG_DATA_DIRS', '/usr/share/ubuntu:/usr/share/gnome:/usr/local/share/:/usr/share/:/var/lib/snapd/desktop'), ('PYTHONPATH', '/home/loser/learning_ros2/chapt3/topic_practice_ws/install/status_publisher/lib/python3.10/site-packages:/home/loser/learning_ros2/chapt3/topic_practice_ws/install/status_interfaces/local/lib/python3.10/dist-packages:/home/loser/learning_ros2/chapt3/topic_ws/install/demo_python_topic/lib/python3.10/site-packages:/opt/ros/humble/lib/python3.10/site-packages:/opt/ros/humble/local/lib/python3.10/dist-packages'), ('LC_NUMERIC', 'zh_CN.UTF-8'), ('LC_PAPER', 'zh_CN.UTF-8'), ('COLCON', '1'), ('CMAKE_PREFIX_PATH', '/home/loser/learning_ros2/chapt3/topic_practice_ws/install/status_interfaces:/home/loser/learning_ros2/chapt3/topic_ws/install/demo_cpp_topic:/home/loser/learning_ros2/chapt3/topic_practice_ws/install/status_publisher:/home/loser/learning_ros2/chapt3/topic_ws/install/demo_python_topic:/opt/ros/humble')]), 'shell': False}
[0.079196] (status_interfaces) StdoutLine: {'line': b'-- The C compiler identification is GNU 11.4.0\n'}
[0.099936] (-) TimerEvent: {}
[0.119857] (status_interfaces) StdoutLine: {'line': b'-- The CXX compiler identification is GNU 11.4.0\n'}
[0.126926] (status_interfaces) StdoutLine: {'line': b'-- Detecting C compiler ABI info\n'}
[0.172524] (status_interfaces) StdoutLine: {'line': b'-- Detecting C compiler ABI info - done\n'}
[0.175923] (status_interfaces) StdoutLine: {'line': b'-- Check for working C compiler: /usr/bin/cc - skipped\n'}
[0.176750] (status_interfaces) StdoutLine: {'line': b'-- Detecting C compile features\n'}
[0.177555] (status_interfaces) StdoutLine: {'line': b'-- Detecting C compile features - done\n'}
[0.179572] (status_interfaces) StdoutLine: {'line': b'-- Detecting CXX compiler ABI info\n'}
[0.200029] (-) TimerEvent: {}
[0.232557] (status_interfaces) StdoutLine: {'line': b'-- Detecting CXX compiler ABI info - done\n'}
[0.235629] (status_interfaces) StdoutLine: {'line': b'-- Check for working CXX compiler: /usr/bin/c++ - skipped\n'}
[0.235765] (status_interfaces) StdoutLine: {'line': b'-- Detecting CXX compile features\n'}
[0.236013] (status_interfaces) StdoutLine: {'line': b'-- Detecting CXX compile features - done\n'}
[0.237206] (status_interfaces) StdoutLine: {'line': b'-- Found ament_cmake: 1.3.14 (/opt/ros/humble/share/ament_cmake/cmake)\n'}
[0.300116] (-) TimerEvent: {}
[0.337508] (status_interfaces) StdoutLine: {'line': b'-- Found Python3: /usr/bin/python3 (found version "3.10.12") found components: Interpreter \n'}
[0.391505] (status_interfaces) StdoutLine: {'line': b'-- Found builtin_interfaces: 1.2.3 (/opt/ros/humble/share/builtin_interfaces/cmake)\n'}
[0.400209] (-) TimerEvent: {}
[0.407916] (status_interfaces) StdoutLine: {'line': b'-- Found rosidl_generator_c: 3.1.9 (/opt/ros/humble/share/rosidl_generator_c/cmake)\n'}
[0.411237] (status_interfaces) StdoutLine: {'line': b'-- Found rosidl_adapter: 3.1.9 (/opt/ros/humble/share/rosidl_adapter/cmake)\n'}
[0.415259] (status_interfaces) StdoutLine: {'line': b'-- Found rosidl_generator_cpp: 3.1.9 (/opt/ros/humble/share/rosidl_generator_cpp/cmake)\n'}
[0.421583] (status_interfaces) StdoutLine: {'line': b'-- Using all available rosidl_typesupport_c: rosidl_typesupport_fastrtps_c;rosidl_typesupport_introspection_c\n'}
[0.430629] (status_interfaces) StdoutLine: {'line': b'-- Using all available rosidl_typesupport_cpp: rosidl_typesupport_fastrtps_cpp;rosidl_typesupport_introspection_cpp\n'}
[0.438851] (status_interfaces) StdoutLine: {'line': b'-- Found rosidl_default_generators: 1.2.1 (/opt/ros/humble/share/rosidl_default_generators/cmake)\n'}
[0.500307] (-) TimerEvent: {}
[0.594293] (status_interfaces) StdoutLine: {'line': b'-- Found ament_cmake_ros: 0.10.1 (/opt/ros/humble/share/ament_cmake_ros/cmake)\n'}
[0.600381] (-) TimerEvent: {}
[0.700607] (-) TimerEvent: {}
[0.787973] (status_interfaces) StdoutLine: {'line': b'-- Using all available rosidl_typesupport_c: rosidl_typesupport_fastrtps_c;rosidl_typesupport_introspection_c\n'}
[0.800702] (-) TimerEvent: {}
[0.866572] (status_interfaces) StdoutLine: {'line': b'-- Using all available rosidl_typesupport_cpp: rosidl_typesupport_fastrtps_cpp;rosidl_typesupport_introspection_cpp\n'}
[0.881009] (status_interfaces) StdoutLine: {'line': b'-- Found PythonInterp: /usr/bin/python3 (found suitable version "3.10.12", minimum required is "3.6") \n'}
[0.881655] (status_interfaces) StdoutLine: {'line': b'-- Found python_cmake_module: 0.10.0 (/opt/ros/humble/share/python_cmake_module/cmake)\n'}
[0.898545] (status_interfaces) StdoutLine: {'line': b'-- Found PythonLibs: /usr/lib/x86_64-linux-gnu/libpython3.10.so (found suitable version "3.10.12", minimum required is "3.5") \n'}
[0.898682] (status_interfaces) StdoutLine: {'line': b'-- Using PYTHON_EXECUTABLE: /usr/bin/python3\n'}
[0.898719] (status_interfaces) StdoutLine: {'line': b'-- Using PYTHON_INCLUDE_DIRS: /usr/include/python3.10\n'}
[0.898749] (status_interfaces) StdoutLine: {'line': b'-- Using PYTHON_LIBRARIES: /usr/lib/x86_64-linux-gnu/libpython3.10.so\n'}
[0.900765] (-) TimerEvent: {}
[0.912589] (status_interfaces) StdoutLine: {'line': b'-- Found PythonExtra: .so  \n'}
[0.971323] (status_interfaces) StdoutLine: {'line': b'-- Found ament_lint_auto: 0.12.15 (/opt/ros/humble/share/ament_lint_auto/cmake)\n'}
[0.979591] (status_interfaces) StdoutLine: {'line': b"-- Added test 'lint_cmake' to check CMake code style\n"}
[0.980031] (status_interfaces) StdoutLine: {'line': b"-- Added test 'xmllint' to check XML markup files\n"}
[0.981353] (status_interfaces) StdoutLine: {'line': b'-- Configuring done\n'}
[0.995523] (status_interfaces) StdoutLine: {'line': b'-- Generating done\n'}
[1.000846] (-) TimerEvent: {}
[1.001306] (status_interfaces) StdoutLine: {'line': b'-- Build files have been written to: /home/loser/learning_ros2/chapt3/topic_practice_ws/build/status_interfaces\n'}
[1.006621] (status_interfaces) CommandEnded: {'returncode': 0}
[1.006917] (status_interfaces) JobProgress: {'identifier': 'status_interfaces', 'progress': 'build'}
[1.006939] (status_interfaces) Command: {'cmd': ['/usr/bin/cmake', '--build', '/home/loser/learning_ros2/chapt3/topic_practice_ws/build/status_interfaces', '--', '-j24', '-l24'], 'cwd': '/home/loser/learning_ros2/chapt3/topic_practice_ws/build/status_interfaces', 'env': OrderedDict([('GJS_DEBUG_TOPICS', 'JS ERROR;JS LOG'), ('LESSOPEN', '| /usr/bin/lesspipe %s'), ('LANGUAGE', 'zh_CN:en_US:en'), ('USER', 'loser'), ('LC_TIME', 'zh_CN.UTF-8'), ('XDG_SESSION_TYPE', 'x11'), ('GIT_ASKPASS', '/usr/share/code/resources/app/extensions/git/dist/askpass.sh'), ('SHLVL', '1'), ('LD_LIBRARY_PATH', '/home/loser/learning_ros2/chapt3/topic_practice_ws/install/status_interfaces/lib:/usr/local/cuda-12.8/lib64:/opt/ros/humble/opt/rviz_ogre_vendor/lib:/opt/ros/humble/lib/x86_64-linux-gnu:/opt/ros/humble/lib:/usr/local/cuda-12.8/lib64:'), ('HOME', '/home/loser'), ('CHROME_DESKTOP', 'com.microsoft.VSCode.desktop'), ('OLDPWD', '/home/loser/learning_ros2/chapt3/topic_practice_ws/src/status_display'), ('TERM_PROGRAM_VERSION', '1.140.0'), ('DESKTOP_SESSION', 'ubuntu'), ('GIO_LAUNCHED_DESKTOP_FILE', '/usr/share/applications/com.microsoft.VSCode.desktop'), ('ROS_PYTHON_VERSION', '3'), ('GNOME_SHELL_SESSION_MODE', 'ubuntu'), ('GTK_MODULES', 'gail:atk-bridge'), ('VSCODE_GIT_ASKPASS_MAIN', '/usr/share/code/resources/app/extensions/git/dist/askpass-main.js'), ('LC_MONETARY', 'zh_CN.UTF-8'), ('VSCODE_GIT_ASKPASS_NODE', '/usr/share/code/code'), ('MANAGERPID', '1807'), ('PYDEVD_DISABLE_FILE_VALIDATION', '1'), ('SYSTEMD_EXEC_PID', '2066'), ('BUNDLED_DEBUGPY_PATH', '/home/loser/.vscode/extensions/ms-python.debugpy-2026.6.0-linux-x64/bundled/libs/debugpy'), ('VSCODE_PYTHON_AUTOACTIVATE_GUARD', '1'), ('DBUS_SESSION_BUS_ADDRESS', 'unix:path=/run/user/1000/bus'), ('COLORTERM', 'truecolor'), ('GIO_LAUNCHED_DESKTOP_FILE_PID', '3570'), ('COLCON_PREFIX_PATH', '/home/loser/learning_ros2/chapt3/topic_practice_ws/install:/home/loser/learning_ros2/chapt3/topic_ws/install'), ('ROS_DISTRO', 'humble'), ('GTK_IM_MODULE', 'ibus'), ('LOGNAME', 'loser'), ('JOURNAL_STREAM', '8:18204'), ('_', '/usr/bin/colcon'), ('ROS_VERSION', '2'), ('CLAUDE_CODE_SSE_PORT', '10971'), ('XDG_SESSION_CLASS', 'user'), ('USERNAME', 'loser'), ('TERM', 'xterm-256color'), ('GNOME_DESKTOP_SESSION_ID', 'this-is-deprecated'), ('FC_FONTATIONS', '1'), ('ROS_LOCALHOST_ONLY', '0'), ('WINDOWPATH', '2'), ('PATH', '/home/loser/.local/bin:/usr/local/cuda-12.8/bin:/home/loser/.config/Code/User/globalStorage/github.copilot-chat/debugCommand:/home/loser/.config/Code/User/globalStorage/github.copilot-chat/copilotCli:/home/loser/.local/bin:/opt/ros/humble/bin:/home/loser/.local/bin:/usr/local/cuda-12.8/bin:/home/loser/.local/bin:/usr/local/sbin:/usr/local/bin:/usr/sbin:/usr/bin:/sbin:/bin:/usr/games:/usr/local/games:/snap/bin:/snap/bin:/home/loser/.vscode/extensions/ms-python.debugpy-2026.6.0-linux-x64/bundled/scripts/noConfigScripts'), ('SESSION_MANAGER', 'local/loser:@/tmp/.ICE-unix/2038,unix/loser:/tmp/.ICE-unix/2038'), ('INVOCATION_ID', '42935d3731024a9eba71ea25df45abd8'), ('PAPERSIZE', 'a4'), ('XDG_MENU_PREFIX', 'gnome-'), ('LC_ADDRESS', 'zh_CN.UTF-8'), ('XDG_RUNTIME_DIR', '/run/user/1000'), ('GDK_BACKEND', 'x11'), ('DISPLAY', ':1'), ('VSCODE_DEBUGPY_ADAPTER_ENDPOINTS', '/home/loser/.vscode/extensions/ms-python.debugpy-2026.6.0-linux-x64/.noConfigDebugAdapterEndpoints/endpoint-00fe9316e09dcda9.txt'), ('LANG', 'zh_CN.UTF-8'), ('XDG_CURRENT_DESKTOP', 'ubuntu:GNOME'), ('PYTHONSTARTUP', '/home/loser/.config/Code/User/workspaceStorage/903f5eb7d7f94aea23b675e5f87fe662/ms-python.python/pythonrc.py'), ('LC_TELEPHONE', 'zh_CN.UTF-8'), ('XMODIFIERS', '@im=ibus'), ('XDG_SESSION_DESKTOP', 'ubuntu'), ('XAUTHORITY', '/run/user/1000/gdm/Xauthority'), ('LS_COLORS', 'rs=0:di=01;34:ln=01;36:mh=00:pi=40;33:so=01;35:do=01;35:bd=40;33;01:cd=40;33;01:or=40;31;01:mi=00:su=37;41:sg=30;43:ca=30;41:tw=30;42:ow=34;42:st=37;44:ex=01;32:*.tar=01;31:*.tgz=01;31:*.arc=01;31:*.arj=01;31:*.taz=01;31:*.lha=01;31:*.lz4=01;31:*.lzh=01;31:*.lzma=01;31:*.tlz=01;31:*.txz=01;31:*.tzo=01;31:*.t7z=01;31:*.zip=01;31:*.z=01;31:*.dz=01;31:*.gz=01;31:*.lrz=01;31:*.lz=01;31:*.lzo=01;31:*.xz=01;31:*.zst=01;31:*.tzst=01;31:*.bz2=01;31:*.bz=01;31:*.tbz=01;31:*.tbz2=01;31:*.tz=01;31:*.deb=01;31:*.rpm=01;31:*.jar=01;31:*.war=01;31:*.ear=01;31:*.sar=01;31:*.rar=01;31:*.alz=01;31:*.ace=01;31:*.zoo=01;31:*.cpio=01;31:*.7z=01;31:*.rz=01;31:*.cab=01;31:*.wim=01;31:*.swm=01;31:*.dwm=01;31:*.esd=01;31:*.jpg=01;35:*.jpeg=01;35:*.mjpg=01;35:*.mjpeg=01;35:*.gif=01;35:*.bmp=01;35:*.pbm=01;35:*.pgm=01;35:*.ppm=01;35:*.tga=01;35:*.xbm=01;35:*.xpm=01;35:*.tif=01;35:*.tiff=01;35:*.png=01;35:*.svg=01;35:*.svgz=01;35:*.mng=01;35:*.pcx=01;35:*.mov=01;35:*.mpg=01;35:*.mpeg=01;35:*.m2v=01;35:*.mkv=01;35:*.webm=01;35:*.webp=01;35:*.ogm=01;35:*.mp4=01;35:*.m4v=01;35:*.mp4v=01;35:*.vob=01;35:*.qt=01;35:*.nuv=01;35:*.wmv=01;35:*.asf=01;35:*.rm=01;35:*.rmvb=01;35:*.flc=01;35:*.avi=01;35:*.fli=01;35:*.flv=01;35:*.gl=01;35:*.dl=01;35:*.xcf=01;35:*.xwd=01;35:*.yuv=01;35:*.cgm=01;35:*.emf=01;35:*.ogv=01;35:*.ogx=01;35:*.aac=00;36:*.au=00;36:*.flac=00;36:*.m4a=00;36:*.mid=00;36:*.midi=00;36:*.mka=00;36:*.mp3=00;36:*.mpc=00;36:*.ogg=00;36:*.ra=00;36:*.wav=00;36:*.oga=00;36:*.opus=00;36:*.spx=00;36:*.xspf=00;36:'), ('VSCODE_GIT_IPC_HANDLE', '/run/user/1000/vscode-git-95600973bf.sock'), ('TERM_PROGRAM', 'vscode'), ('SSH_AGENT_LAUNCHER', 'gnome-keyring'), ('SSH_AUTH_SOCK', '/run/user/1000/keyring/ssh'), ('AMENT_PREFIX_PATH', '/home/loser/learning_ros2/chapt3/topic_practice_ws/install/status_publisher:/home/loser/learning_ros2/chapt3/topic_practice_ws/install/status_interfaces:/home/loser/learning_ros2/chapt3/topic_ws/install/demo_python_topic:/home/loser/learning_ros2/chapt3/topic_ws/install/demo_cpp_topic:/opt/ros/humble'), ('SHELL', '/bin/bash'), ('LC_NAME', 'zh_CN.UTF-8'), ('QT_ACCESSIBILITY', '1'), ('GDMSESSION', 'ubuntu'), ('LESSCLOSE', '/usr/bin/lesspipe %s %s'), ('LC_MEASUREMENT', 'zh_CN.UTF-8'), ('GPG_AGENT_INFO', '/run/user/1000/gnupg/S.gpg-agent:0:1'), ('GJS_DEBUG_OUTPUT', 'stderr'), ('LC_IDENTIFICATION', 'zh_CN.UTF-8'), ('VSCODE_GIT_ASKPASS_EXTRA_ARGS', ''), ('QT_IM_MODULE', 'ibus'), ('PWD', '/home/loser/learning_ros2/chapt3/topic_practice_ws/build/status_interfaces'), ('LC_ALL', 'en_US.UTF-8'), ('XDG_CONFIG_DIRS', '/etc/xdg/xdg-ubuntu:/etc/xdg'), ('COPILOT_DEBUG_NONCE', '99724c0eb217d5a8607c718ce98a4790'), ('XDG_DATA_DIRS', '/usr/share/ubuntu:/usr/share/gnome:/usr/local/share/:/usr/share/:/var/lib/snapd/desktop'), ('PYTHONPATH', '/home/loser/learning_ros2/chapt3/topic_practice_ws/install/status_publisher/lib/python3.10/site-packages:/home/loser/learning_ros2/chapt3/topic_practice_ws/install/status_interfaces/local/lib/python3.10/dist-packages:/home/loser/learning_ros2/chapt3/topic_ws/install/demo_python_topic/lib/python3.10/site-packages:/opt/ros/humble/lib/python3.10/site-packages:/opt/ros/humble/local/lib/python3.10/dist-packages'), ('LC_NUMERIC', 'zh_CN.UTF-8'), ('LC_PAPER', 'zh_CN.UTF-8'), ('COLCON', '1'), ('CMAKE_PREFIX_PATH', '/home/loser/learning_ros2/chapt3/topic_practice_ws/install/status_interfaces:/home/loser/learning_ros2/chapt3/topic_ws/install/demo_cpp_topic:/home/loser/learning_ros2/chapt3/topic_practice_ws/install/status_publisher:/home/loser/learning_ros2/chapt3/topic_ws/install/demo_python_topic:/opt/ros/humble')]), 'shell': False}
[1.041334] (status_interfaces) StdoutLine: {'line': b'[  3%] \x1b[34m\x1b[1mGenerating C code for ROS interfaces\x1b[0m\n'}
[1.048472] (status_interfaces) StdoutLine: {'line': b'[  6%] \x1b[34m\x1b[1mGenerating C++ code for ROS interfaces\x1b[0m\n'}
[1.048626] (status_interfaces) StdoutLine: {'line': b'[  9%] \x1b[34m\x1b[1mGenerating Rust code for ROS interfaces\x1b[0m\n'}
[1.055538] (status_interfaces) StdoutLine: {'line': b'[  9%] Built target ament_cmake_python_copy_status_interfaces\n'}
[1.101463] (-) TimerEvent: {}
[1.201725] (-) TimerEvent: {}
[1.209817] (status_interfaces) StdoutLine: {'line': b'running egg_info\n'}
[1.211504] (status_interfaces) StdoutLine: {'line': b'creating status_interfaces.egg-info\n'}
[1.211562] (status_interfaces) StdoutLine: {'line': b'writing status_interfaces.egg-info/PKG-INFO\n'}
[1.211605] (status_interfaces) StdoutLine: {'line': b'writing dependency_links to status_interfaces.egg-info/dependency_links.txt\n'}
[1.211667] (status_interfaces) StdoutLine: {'line': b'writing top-level names to status_interfaces.egg-info/top_level.txt\n'}
[1.211703] (status_interfaces) StdoutLine: {'line': b"writing manifest file 'status_interfaces.egg-info/SOURCES.txt'\n"}
[1.211829] (status_interfaces) StdoutLine: {'line': b"reading manifest file 'status_interfaces.egg-info/SOURCES.txt'\n"}
[1.213487] (status_interfaces) StdoutLine: {'line': b"writing manifest file 'status_interfaces.egg-info/SOURCES.txt'\n"}
[1.238281] (status_interfaces) StdoutLine: {'line': b'[  9%] Built target ament_cmake_python_build_status_interfaces_egg\n'}
[1.263411] (status_interfaces) StdoutLine: {'line': b'[  9%] Built target status_interfaces__rs\n'}
[1.270582] (status_interfaces) StdoutLine: {'line': b'[ 12%] \x1b[32mBuilding C object CMakeFiles/status_interfaces__rosidl_generator_c.dir/rosidl_generator_c/status_interfaces/msg/detail/system_status__functions.c.o\x1b[0m\n'}
[1.280047] (status_interfaces) StdoutLine: {'line': b'[ 12%] Built target status_interfaces__cpp\n'}
[1.288576] (status_interfaces) StdoutLine: {'line': b'[ 21%] \x1b[34m\x1b[1mGenerating C++ type support for eProsima Fast-RTPS\x1b[0m\n'}
[1.288736] (status_interfaces) StdoutLine: {'line': b'[ 21%] \x1b[34m\x1b[1mGenerating C++ type support dispatch for ROS interfaces\x1b[0m\n'}
[1.288847] (status_interfaces) StdoutLine: {'line': b'[ 21%] \x1b[34m\x1b[1mGenerating C++ introspection for ROS interfaces\x1b[0m\n'}
[1.301809] (-) TimerEvent: {}
[1.302963] (status_interfaces) StdoutLine: {'line': b'[ 25%] \x1b[32m\x1b[1mLinking C shared library libstatus_interfaces__rosidl_generator_c.so\x1b[0m\n'}
[1.336352] (status_interfaces) StdoutLine: {'line': b'[ 25%] Built target status_interfaces__rosidl_generator_c\n'}
[1.345398] (status_interfaces) StdoutLine: {'line': b'[ 28%] \x1b[34m\x1b[1mGenerating C type support for eProsima Fast-RTPS\x1b[0m\n'}
[1.345570] (status_interfaces) StdoutLine: {'line': b'[ 31%] \x1b[34m\x1b[1mGenerating C introspection for ROS interfaces\x1b[0m\n'}
[1.354972] (status_interfaces) StdoutLine: {'line': b'[ 34%] \x1b[34m\x1b[1mGenerating C type support dispatch for ROS interfaces\x1b[0m\n'}
[1.402015] (-) TimerEvent: {}
[1.502454] (-) TimerEvent: {}
[1.548620] (status_interfaces) StdoutLine: {'line': b'[ 37%] \x1b[32mBuilding CXX object CMakeFiles/status_interfaces__rosidl_typesupport_cpp.dir/rosidl_typesupport_cpp/status_interfaces/msg/system_status__type_support.cpp.o\x1b[0m\n'}
[1.550101] (status_interfaces) StdoutLine: {'line': b'[ 40%] \x1b[32mBuilding CXX object CMakeFiles/status_interfaces__rosidl_typesupport_fastrtps_cpp.dir/rosidl_typesupport_fastrtps_cpp/status_interfaces/msg/detail/dds_fastrtps/system_status__type_support.cpp.o\x1b[0m\n'}
[1.590164] (status_interfaces) StdoutLine: {'line': b'[ 43%] \x1b[32mBuilding CXX object CMakeFiles/status_interfaces__rosidl_typesupport_introspection_cpp.dir/rosidl_typesupport_introspection_cpp/status_interfaces/msg/detail/system_status__type_support.cpp.o\x1b[0m\n'}
[1.602597] (-) TimerEvent: {}
[1.635154] (status_interfaces) StdoutLine: {'line': b'[ 46%] \x1b[32mBuilding CXX object CMakeFiles/status_interfaces__rosidl_typesupport_fastrtps_c.dir/rosidl_typesupport_fastrtps_c/status_interfaces/msg/detail/system_status__type_support_c.cpp.o\x1b[0m\n'}
[1.655630] (status_interfaces) StdoutLine: {'line': b'[ 50%] \x1b[32mBuilding C object CMakeFiles/status_interfaces__rosidl_typesupport_introspection_c.dir/rosidl_typesupport_introspection_c/status_interfaces/msg/detail/system_status__type_support.c.o\x1b[0m\n'}
[1.684401] (status_interfaces) StdoutLine: {'line': b'[ 53%] \x1b[32m\x1b[1mLinking C shared library libstatus_interfaces__rosidl_typesupport_introspection_c.so\x1b[0m\n'}
[1.690822] (status_interfaces) StdoutLine: {'line': b'[ 56%] \x1b[32mBuilding CXX object CMakeFiles/status_interfaces__rosidl_typesupport_c.dir/rosidl_typesupport_c/status_interfaces/msg/system_status__type_support.cpp.o\x1b[0m\n'}
[1.702836] (-) TimerEvent: {}
[1.712960] (status_interfaces) StdoutLine: {'line': b'[ 56%] Built target status_interfaces__rosidl_typesupport_introspection_c\n'}
[1.718954] (status_interfaces) StdoutLine: {'line': b'[ 59%] \x1b[32m\x1b[1mLinking CXX shared library libstatus_interfaces__rosidl_typesupport_c.so\x1b[0m\n'}
[1.755332] (status_interfaces) StdoutLine: {'line': b'[ 59%] Built target status_interfaces__rosidl_typesupport_c\n'}
[1.757363] (status_interfaces) StdoutLine: {'line': b'[ 62%] \x1b[32m\x1b[1mLinking CXX shared library libstatus_interfaces__rosidl_typesupport_cpp.so\x1b[0m\n'}
[1.790499] (status_interfaces) StdoutLine: {'line': b'[ 62%] Built target status_interfaces__rosidl_typesupport_cpp\n'}
[1.802922] (-) TimerEvent: {}
[1.832966] (status_interfaces) StdoutLine: {'line': b'[ 65%] \x1b[32m\x1b[1mLinking CXX shared library libstatus_interfaces__rosidl_typesupport_fastrtps_cpp.so\x1b[0m\n'}
[1.870008] (status_interfaces) StdoutLine: {'line': b'[ 68%] \x1b[32m\x1b[1mLinking CXX shared library libstatus_interfaces__rosidl_typesupport_introspection_cpp.so\x1b[0m\n'}
[1.870164] (status_interfaces) StdoutLine: {'line': b'[ 71%] \x1b[32m\x1b[1mLinking CXX shared library libstatus_interfaces__rosidl_typesupport_fastrtps_c.so\x1b[0m\n'}
[1.893692] (status_interfaces) StdoutLine: {'line': b'[ 71%] Built target status_interfaces__rosidl_typesupport_fastrtps_cpp\n'}
[1.903034] (-) TimerEvent: {}
[1.916485] (status_interfaces) StdoutLine: {'line': b'[ 71%] Built target status_interfaces__rosidl_typesupport_introspection_cpp\n'}
[1.923136] (status_interfaces) StdoutLine: {'line': b'[ 71%] Built target status_interfaces__rosidl_typesupport_fastrtps_c\n'}
[1.935810] (status_interfaces) StdoutLine: {'line': b'[ 71%] Built target status_interfaces\n'}
[1.949627] (status_interfaces) StdoutLine: {'line': b'[ 75%] \x1b[34m\x1b[1mGenerating Python code for ROS interfaces\x1b[0m\n'}
[2.003114] (-) TimerEvent: {}
[2.103343] (-) TimerEvent: {}
[2.172189] (status_interfaces) StdoutLine: {'line': b'[ 75%] Built target status_interfaces__py\n'}
[2.186528] (status_interfaces) StdoutLine: {'line': b'[ 78%] \x1b[32mBuilding C object CMakeFiles/status_interfaces__rosidl_generator_py.dir/rosidl_generator_py/status_interfaces/msg/_system_status_s.c.o\x1b[0m\n'}
[2.203441] (-) TimerEvent: {}
[2.250207] (status_interfaces) StdoutLine: {'line': b'[ 81%] \x1b[32m\x1b[1mLinking C shared library rosidl_generator_py/status_interfaces/libstatus_interfaces__rosidl_generator_py.so\x1b[0m\n'}
[2.278397] (status_interfaces) StdoutLine: {'line': b'[ 81%] Built target status_interfaces__rosidl_generator_py\n'}
[2.293787] (status_interfaces) StdoutLine: {'line': b'[ 84%] \x1b[32mBuilding C object CMakeFiles/status_interfaces__rosidl_typesupport_fastrtps_c__pyext.dir/rosidl_generator_py/status_interfaces/_status_interfaces_s.ep.rosidl_typesupport_fastrtps_c.c.o\x1b[0m\n'}
[2.294669] (status_interfaces) StdoutLine: {'line': b'[ 87%] \x1b[32mBuilding C object CMakeFiles/status_interfaces__rosidl_typesupport_introspection_c__pyext.dir/rosidl_generator_py/status_interfaces/_status_interfaces_s.ep.rosidl_typesupport_introspection_c.c.o\x1b[0m\n'}
[2.295971] (status_interfaces) StdoutLine: {'line': b'[ 90%] \x1b[32mBuilding C object CMakeFiles/status_interfaces__rosidl_typesupport_c__pyext.dir/rosidl_generator_py/status_interfaces/_status_interfaces_s.ep.rosidl_typesupport_c.c.o\x1b[0m\n'}
[2.303607] (-) TimerEvent: {}
[2.358537] (status_interfaces) StdoutLine: {'line': b'[ 96%] \x1b[32m\x1b[1mLinking C shared library rosidl_generator_py/status_interfaces/status_interfaces_s__rosidl_typesupport_c.cpython-310-x86_64-linux-gnu.so\x1b[0m\n'}
[2.358770] (status_interfaces) StdoutLine: {'line': b'[100%] \x1b[32m\x1b[1mLinking C shared library rosidl_generator_py/status_interfaces/status_interfaces_s__rosidl_typesupport_fastrtps_c.cpython-310-x86_64-linux-gnu.so\x1b[0m\n'}
[2.358852] (status_interfaces) StdoutLine: {'line': b'[100%] \x1b[32m\x1b[1mLinking C shared library rosidl_generator_py/status_interfaces/status_interfaces_s__rosidl_typesupport_introspection_c.cpython-310-x86_64-linux-gnu.so\x1b[0m\n'}
[2.384275] (status_interfaces) StdoutLine: {'line': b'[100%] Built target status_interfaces__rosidl_typesupport_introspection_c__pyext\n'}
[2.384503] (status_interfaces) StdoutLine: {'line': b'[100%] Built target status_interfaces__rosidl_typesupport_fastrtps_c__pyext\n'}
[2.384972] (status_interfaces) StdoutLine: {'line': b'[100%] Built target status_interfaces__rosidl_typesupport_c__pyext\n'}
[2.392827] (status_interfaces) CommandEnded: {'returncode': 0}
[2.393518] (status_interfaces) JobProgress: {'identifier': 'status_interfaces', 'progress': 'install'}
[2.399700] (status_interfaces) Command: {'cmd': ['/usr/bin/cmake', '--install', '/home/loser/learning_ros2/chapt3/topic_practice_ws/build/status_interfaces'], 'cwd': '/home/loser/learning_ros2/chapt3/topic_practice_ws/build/status_interfaces', 'env': OrderedDict([('GJS_DEBUG_TOPICS', 'JS ERROR;JS LOG'), ('LESSOPEN', '| /usr/bin/lesspipe %s'), ('LANGUAGE', 'zh_CN:en_US:en'), ('USER', 'loser'), ('LC_TIME', 'zh_CN.UTF-8'), ('XDG_SESSION_TYPE', 'x11'), ('GIT_ASKPASS', '/usr/share/code/resources/app/extensions/git/dist/askpass.sh'), ('SHLVL', '1'), ('LD_LIBRARY_PATH', '/home/loser/learning_ros2/chapt3/topic_practice_ws/install/status_interfaces/lib:/usr/local/cuda-12.8/lib64:/opt/ros/humble/opt/rviz_ogre_vendor/lib:/opt/ros/humble/lib/x86_64-linux-gnu:/opt/ros/humble/lib:/usr/local/cuda-12.8/lib64:'), ('HOME', '/home/loser'), ('CHROME_DESKTOP', 'com.microsoft.VSCode.desktop'), ('OLDPWD', '/home/loser/learning_ros2/chapt3/topic_practice_ws/src/status_display'), ('TERM_PROGRAM_VERSION', '1.140.0'), ('DESKTOP_SESSION', 'ubuntu'), ('GIO_LAUNCHED_DESKTOP_FILE', '/usr/share/applications/com.microsoft.VSCode.desktop'), ('ROS_PYTHON_VERSION', '3'), ('GNOME_SHELL_SESSION_MODE', 'ubuntu'), ('GTK_MODULES', 'gail:atk-bridge'), ('VSCODE_GIT_ASKPASS_MAIN', '/usr/share/code/resources/app/extensions/git/dist/askpass-main.js'), ('LC_MONETARY', 'zh_CN.UTF-8'), ('VSCODE_GIT_ASKPASS_NODE', '/usr/share/code/code'), ('MANAGERPID', '1807'), ('PYDEVD_DISABLE_FILE_VALIDATION', '1'), ('SYSTEMD_EXEC_PID', '2066'), ('BUNDLED_DEBUGPY_PATH', '/home/loser/.vscode/extensions/ms-python.debugpy-2026.6.0-linux-x64/bundled/libs/debugpy'), ('VSCODE_PYTHON_AUTOACTIVATE_GUARD', '1'), ('DBUS_SESSION_BUS_ADDRESS', 'unix:path=/run/user/1000/bus'), ('COLORTERM', 'truecolor'), ('GIO_LAUNCHED_DESKTOP_FILE_PID', '3570'), ('COLCON_PREFIX_PATH', '/home/loser/learning_ros2/chapt3/topic_practice_ws/install:/home/loser/learning_ros2/chapt3/topic_ws/install'), ('ROS_DISTRO', 'humble'), ('GTK_IM_MODULE', 'ibus'), ('LOGNAME', 'loser'), ('JOURNAL_STREAM', '8:18204'), ('_', '/usr/bin/colcon'), ('ROS_VERSION', '2'), ('CLAUDE_CODE_SSE_PORT', '10971'), ('XDG_SESSION_CLASS', 'user'), ('USERNAME', 'loser'), ('TERM', 'xterm-256color'), ('GNOME_DESKTOP_SESSION_ID', 'this-is-deprecated'), ('FC_FONTATIONS', '1'), ('ROS_LOCALHOST_ONLY', '0'), ('WINDOWPATH', '2'), ('PATH', '/home/loser/.local/bin:/usr/local/cuda-12.8/bin:/home/loser/.config/Code/User/globalStorage/github.copilot-chat/debugCommand:/home/loser/.config/Code/User/globalStorage/github.copilot-chat/copilotCli:/home/loser/.local/bin:/opt/ros/humble/bin:/home/loser/.local/bin:/usr/local/cuda-12.8/bin:/home/loser/.local/bin:/usr/local/sbin:/usr/local/bin:/usr/sbin:/usr/bin:/sbin:/bin:/usr/games:/usr/local/games:/snap/bin:/snap/bin:/home/loser/.vscode/extensions/ms-python.debugpy-2026.6.0-linux-x64/bundled/scripts/noConfigScripts'), ('SESSION_MANAGER', 'local/loser:@/tmp/.ICE-unix/2038,unix/loser:/tmp/.ICE-unix/2038'), ('INVOCATION_ID', '42935d3731024a9eba71ea25df45abd8'), ('PAPERSIZE', 'a4'), ('XDG_MENU_PREFIX', 'gnome-'), ('LC_ADDRESS', 'zh_CN.UTF-8'), ('XDG_RUNTIME_DIR', '/run/user/1000'), ('GDK_BACKEND', 'x11'), ('DISPLAY', ':1'), ('VSCODE_DEBUGPY_ADAPTER_ENDPOINTS', '/home/loser/.vscode/extensions/ms-python.debugpy-2026.6.0-linux-x64/.noConfigDebugAdapterEndpoints/endpoint-00fe9316e09dcda9.txt'), ('LANG', 'zh_CN.UTF-8'), ('XDG_CURRENT_DESKTOP', 'ubuntu:GNOME'), ('PYTHONSTARTUP', '/home/loser/.config/Code/User/workspaceStorage/903f5eb7d7f94aea23b675e5f87fe662/ms-python.python/pythonrc.py'), ('LC_TELEPHONE', 'zh_CN.UTF-8'), ('XMODIFIERS', '@im=ibus'), ('XDG_SESSION_DESKTOP', 'ubuntu'), ('XAUTHORITY', '/run/user/1000/gdm/Xauthority'), ('LS_COLORS', 'rs=0:di=01;34:ln=01;36:mh=00:pi=40;33:so=01;35:do=01;35:bd=40;33;01:cd=40;33;01:or=40;31;01:mi=00:su=37;41:sg=30;43:ca=30;41:tw=30;42:ow=34;42:st=37;44:ex=01;32:*.tar=01;31:*.tgz=01;31:*.arc=01;31:*.arj=01;31:*.taz=01;31:*.lha=01;31:*.lz4=01;31:*.lzh=01;31:*.lzma=01;31:*.tlz=01;31:*.txz=01;31:*.tzo=01;31:*.t7z=01;31:*.zip=01;31:*.z=01;31:*.dz=01;31:*.gz=01;31:*.lrz=01;31:*.lz=01;31:*.lzo=01;31:*.xz=01;31:*.zst=01;31:*.tzst=01;31:*.bz2=01;31:*.bz=01;31:*.tbz=01;31:*.tbz2=01;31:*.tz=01;31:*.deb=01;31:*.rpm=01;31:*.jar=01;31:*.war=01;31:*.ear=01;31:*.sar=01;31:*.rar=01;31:*.alz=01;31:*.ace=01;31:*.zoo=01;31:*.cpio=01;31:*.7z=01;31:*.rz=01;31:*.cab=01;31:*.wim=01;31:*.swm=01;31:*.dwm=01;31:*.esd=01;31:*.jpg=01;35:*.jpeg=01;35:*.mjpg=01;35:*.mjpeg=01;35:*.gif=01;35:*.bmp=01;35:*.pbm=01;35:*.pgm=01;35:*.ppm=01;35:*.tga=01;35:*.xbm=01;35:*.xpm=01;35:*.tif=01;35:*.tiff=01;35:*.png=01;35:*.svg=01;35:*.svgz=01;35:*.mng=01;35:*.pcx=01;35:*.mov=01;35:*.mpg=01;35:*.mpeg=01;35:*.m2v=01;35:*.mkv=01;35:*.webm=01;35:*.webp=01;35:*.ogm=01;35:*.mp4=01;35:*.m4v=01;35:*.mp4v=01;35:*.vob=01;35:*.qt=01;35:*.nuv=01;35:*.wmv=01;35:*.asf=01;35:*.rm=01;35:*.rmvb=01;35:*.flc=01;35:*.avi=01;35:*.fli=01;35:*.flv=01;35:*.gl=01;35:*.dl=01;35:*.xcf=01;35:*.xwd=01;35:*.yuv=01;35:*.cgm=01;35:*.emf=01;35:*.ogv=01;35:*.ogx=01;35:*.aac=00;36:*.au=00;36:*.flac=00;36:*.m4a=00;36:*.mid=00;36:*.midi=00;36:*.mka=00;36:*.mp3=00;36:*.mpc=00;36:*.ogg=00;36:*.ra=00;36:*.wav=00;36:*.oga=00;36:*.opus=00;36:*.spx=00;36:*.xspf=00;36:'), ('VSCODE_GIT_IPC_HANDLE', '/run/user/1000/vscode-git-95600973bf.sock'), ('TERM_PROGRAM', 'vscode'), ('SSH_AGENT_LAUNCHER', 'gnome-keyring'), ('SSH_AUTH_SOCK', '/run/user/1000/keyring/ssh'), ('AMENT_PREFIX_PATH', '/home/loser/learning_ros2/chapt3/topic_practice_ws/install/status_publisher:/home/loser/learning_ros2/chapt3/topic_practice_ws/install/status_interfaces:/home/loser/learning_ros2/chapt3/topic_ws/install/demo_python_topic:/home/loser/learning_ros2/chapt3/topic_ws/install/demo_cpp_topic:/opt/ros/humble'), ('SHELL', '/bin/bash'), ('LC_NAME', 'zh_CN.UTF-8'), ('QT_ACCESSIBILITY', '1'), ('GDMSESSION', 'ubuntu'), ('LESSCLOSE', '/usr/bin/lesspipe %s %s'), ('LC_MEASUREMENT', 'zh_CN.UTF-8'), ('GPG_AGENT_INFO', '/run/user/1000/gnupg/S.gpg-agent:0:1'), ('GJS_DEBUG_OUTPUT', 'stderr'), ('LC_IDENTIFICATION', 'zh_CN.UTF-8'), ('VSCODE_GIT_ASKPASS_EXTRA_ARGS', ''), ('QT_IM_MODULE', 'ibus'), ('PWD', '/home/loser/learning_ros2/chapt3/topic_practice_ws/build/status_interfaces'), ('LC_ALL', 'en_US.UTF-8'), ('XDG_CONFIG_DIRS', '/etc/xdg/xdg-ubuntu:/etc/xdg'), ('COPILOT_DEBUG_NONCE', '99724c0eb217d5a8607c718ce98a4790'), ('XDG_DATA_DIRS', '/usr/share/ubuntu:/usr/share/gnome:/usr/local/share/:/usr/share/:/var/lib/snapd/desktop'), ('PYTHONPATH', '/home/loser/learning_ros2/chapt3/topic_practice_ws/install/status_publisher/lib/python3.10/site-packages:/home/loser/learning_ros2/chapt3/topic_practice_ws/install/status_interfaces/local/lib/python3.10/dist-packages:/home/loser/learning_ros2/chapt3/topic_ws/install/demo_python_topic/lib/python3.10/site-packages:/opt/ros/humble/lib/python3.10/site-packages:/opt/ros/humble/local/lib/python3.10/dist-packages'), ('LC_NUMERIC', 'zh_CN.UTF-8'), ('LC_PAPER', 'zh_CN.UTF-8'), ('COLCON', '1'), ('CMAKE_PREFIX_PATH', '/home/loser/learning_ros2/chapt3/topic_practice_ws/install/status_interfaces:/home/loser/learning_ros2/chapt3/topic_ws/install/demo_cpp_topic:/home/loser/learning_ros2/chapt3/topic_practice_ws/install/status_publisher:/home/loser/learning_ros2/chapt3/topic_ws/install/demo_python_topic:/opt/ros/humble')]), 'shell': False}
[2.403691] (-) TimerEvent: {}
[2.405189] (status_interfaces) StdoutLine: {'line': b'-- Install configuration: ""\n'}
[2.405268] (status_interfaces) StdoutLine: {'line': b'-- Installing: /home/loser/learning_ros2/chapt3/topic_practice_ws/install/status_interfaces/share/ament_index/resource_index/rosidl_interfaces/status_interfaces\n'}
[2.405340] (status_interfaces) StdoutLine: {'line': b'-- Up-to-date: /home/loser/learning_ros2/chapt3/topic_practice_ws/install/status_interfaces/include/status_interfaces/status_interfaces\n'}
[2.405390] (status_interfaces) StdoutLine: {'line': b'-- Up-to-date: /home/loser/learning_ros2/chapt3/topic_practice_ws/install/status_interfaces/include/status_interfaces/status_interfaces/msg\n'}
[2.405424] (status_interfaces) StdoutLine: {'line': b'-- Up-to-date: /home/loser/learning_ros2/chapt3/topic_practice_ws/install/status_interfaces/include/status_interfaces/status_interfaces/msg/detail\n'}
[2.405539] (status_interfaces) StdoutLine: {'line': b'-- Installing: /home/loser/learning_ros2/chapt3/topic_practice_ws/install/status_interfaces/include/status_interfaces/status_interfaces/msg/detail/system_status__functions.c\n'}
[2.405629] (status_interfaces) StdoutLine: {'line': b'-- Installing: /home/loser/learning_ros2/chapt3/topic_practice_ws/install/status_interfaces/include/status_interfaces/status_interfaces/msg/detail/system_status__type_support.h\n'}
[2.405819] (status_interfaces) StdoutLine: {'line': b'-- Installing: /home/loser/learning_ros2/chapt3/topic_practice_ws/install/status_interfaces/include/status_interfaces/status_interfaces/msg/detail/system_status__struct.h\n'}
[2.405936] (status_interfaces) StdoutLine: {'line': b'-- Installing: /home/loser/learning_ros2/chapt3/topic_practice_ws/install/status_interfaces/include/status_interfaces/status_interfaces/msg/detail/system_status__functions.h\n'}
[2.405990] (status_interfaces) StdoutLine: {'line': b'-- Installing: /home/loser/learning_ros2/chapt3/topic_practice_ws/install/status_interfaces/include/status_interfaces/status_interfaces/msg/rosidl_generator_c__visibility_control.h\n'}
[2.406019] (status_interfaces) StdoutLine: {'line': b'-- Installing: /home/loser/learning_ros2/chapt3/topic_practice_ws/install/status_interfaces/include/status_interfaces/status_interfaces/msg/system_status.h\n'}
[2.406046] (status_interfaces) StdoutLine: {'line': b'-- Up-to-date: /home/loser/learning_ros2/chapt3/topic_practice_ws/install/status_interfaces/share/status_interfaces/environment/library_path.sh\n'}
[2.406073] (status_interfaces) StdoutLine: {'line': b'-- Installing: /home/loser/learning_ros2/chapt3/topic_practice_ws/install/status_interfaces/share/status_interfaces/environment/library_path.dsv\n'}
[2.406099] (status_interfaces) StdoutLine: {'line': b'-- Installing: /home/loser/learning_ros2/chapt3/topic_practice_ws/install/status_interfaces/lib/libstatus_interfaces__rosidl_generator_c.so\n'}
[2.406321] (status_interfaces) StdoutLine: {'line': b'-- Set runtime path of "/home/loser/learning_ros2/chapt3/topic_practice_ws/install/status_interfaces/lib/libstatus_interfaces__rosidl_generator_c.so" to ""\n'}
[2.406416] (status_interfaces) StdoutLine: {'line': b'-- Up-to-date: /home/loser/learning_ros2/chapt3/topic_practice_ws/install/status_interfaces/include/status_interfaces/status_interfaces\n'}
[2.406567] (status_interfaces) StdoutLine: {'line': b'-- Up-to-date: /home/loser/learning_ros2/chapt3/topic_practice_ws/install/status_interfaces/include/status_interfaces/status_interfaces/msg\n'}
[2.406599] (status_interfaces) StdoutLine: {'line': b'-- Up-to-date: /home/loser/learning_ros2/chapt3/topic_practice_ws/install/status_interfaces/include/status_interfaces/status_interfaces/msg/detail\n'}
[2.406625] (status_interfaces) StdoutLine: {'line': b'-- Installing: /home/loser/learning_ros2/chapt3/topic_practice_ws/install/status_interfaces/include/status_interfaces/status_interfaces/msg/detail/system_status__rosidl_typesupport_fastrtps_c.h\n'}
[2.406650] (status_interfaces) StdoutLine: {'line': b'-- Installing: /home/loser/learning_ros2/chapt3/topic_practice_ws/install/status_interfaces/include/status_interfaces/status_interfaces/msg/rosidl_typesupport_fastrtps_c__visibility_control.h\n'}
[2.406674] (status_interfaces) StdoutLine: {'line': b'-- Installing: /home/loser/learning_ros2/chapt3/topic_practice_ws/install/status_interfaces/lib/libstatus_interfaces__rosidl_typesupport_fastrtps_c.so\n'}
[2.406697] (status_interfaces) StdoutLine: {'line': b'-- Set runtime path of "/home/loser/learning_ros2/chapt3/topic_practice_ws/install/status_interfaces/lib/libstatus_interfaces__rosidl_typesupport_fastrtps_c.so" to ""\n'}
[2.406721] (status_interfaces) StdoutLine: {'line': b'-- Up-to-date: /home/loser/learning_ros2/chapt3/topic_practice_ws/install/status_interfaces/include/status_interfaces/status_interfaces\n'}
[2.407027] (status_interfaces) StdoutLine: {'line': b'-- Up-to-date: /home/loser/learning_ros2/chapt3/topic_practice_ws/install/status_interfaces/include/status_interfaces/status_interfaces/msg\n'}
[2.407124] (status_interfaces) StdoutLine: {'line': b'-- Up-to-date: /home/loser/learning_ros2/chapt3/topic_practice_ws/install/status_interfaces/include/status_interfaces/status_interfaces/msg/detail\n'}
[2.407153] (status_interfaces) StdoutLine: {'line': b'-- Installing: /home/loser/learning_ros2/chapt3/topic_practice_ws/install/status_interfaces/include/status_interfaces/status_interfaces/msg/detail/system_status__traits.hpp\n'}
[2.407180] (status_interfaces) StdoutLine: {'line': b'-- Installing: /home/loser/learning_ros2/chapt3/topic_practice_ws/install/status_interfaces/include/status_interfaces/status_interfaces/msg/detail/system_status__struct.hpp\n'}
[2.407205] (status_interfaces) StdoutLine: {'line': b'-- Installing: /home/loser/learning_ros2/chapt3/topic_practice_ws/install/status_interfaces/include/status_interfaces/status_interfaces/msg/detail/system_status__type_support.hpp\n'}
[2.407406] (status_interfaces) StdoutLine: {'line': b'-- Installing: /home/loser/learning_ros2/chapt3/topic_practice_ws/install/status_interfaces/include/status_interfaces/status_interfaces/msg/detail/system_status__builder.hpp\n'}
[2.407483] (status_interfaces) StdoutLine: {'line': b'-- Installing: /home/loser/learning_ros2/chapt3/topic_practice_ws/install/status_interfaces/include/status_interfaces/status_interfaces/msg/system_status.hpp\n'}
[2.407580] (status_interfaces) StdoutLine: {'line': b'-- Installing: /home/loser/learning_ros2/chapt3/topic_practice_ws/install/status_interfaces/include/status_interfaces/status_interfaces/msg/rosidl_generator_cpp__visibility_control.hpp\n'}
[2.407684] (status_interfaces) StdoutLine: {'line': b'-- Up-to-date: /home/loser/learning_ros2/chapt3/topic_practice_ws/install/status_interfaces/include/status_interfaces/status_interfaces\n'}
[2.407713] (status_interfaces) StdoutLine: {'line': b'-- Up-to-date: /home/loser/learning_ros2/chapt3/topic_practice_ws/install/status_interfaces/include/status_interfaces/status_interfaces/msg\n'}
[2.407891] (status_interfaces) StdoutLine: {'line': b'-- Up-to-date: /home/loser/learning_ros2/chapt3/topic_practice_ws/install/status_interfaces/include/status_interfaces/status_interfaces/msg/detail\n'}
[2.407924] (status_interfaces) StdoutLine: {'line': b'-- Installing: /home/loser/learning_ros2/chapt3/topic_practice_ws/install/status_interfaces/include/status_interfaces/status_interfaces/msg/detail/system_status__rosidl_typesupport_fastrtps_cpp.hpp\n'}
[2.407951] (status_interfaces) StdoutLine: {'line': b'-- Up-to-date: /home/loser/learning_ros2/chapt3/topic_practice_ws/install/status_interfaces/include/status_interfaces/status_interfaces/msg/detail/dds_fastrtps\n'}
[2.407981] (status_interfaces) StdoutLine: {'line': b'-- Installing: /home/loser/learning_ros2/chapt3/topic_practice_ws/install/status_interfaces/include/status_interfaces/status_interfaces/msg/rosidl_typesupport_fastrtps_cpp__visibility_control.h\n'}
[2.408008] (status_interfaces) StdoutLine: {'line': b'-- Installing: /home/loser/learning_ros2/chapt3/topic_practice_ws/install/status_interfaces/lib/libstatus_interfaces__rosidl_typesupport_fastrtps_cpp.so\n'}
[2.408035] (status_interfaces) StdoutLine: {'line': b'-- Set runtime path of "/home/loser/learning_ros2/chapt3/topic_practice_ws/install/status_interfaces/lib/libstatus_interfaces__rosidl_typesupport_fastrtps_cpp.so" to ""\n'}
[2.408062] (status_interfaces) StdoutLine: {'line': b'-- Up-to-date: /home/loser/learning_ros2/chapt3/topic_practice_ws/install/status_interfaces/include/status_interfaces/status_interfaces\n'}
[2.408089] (status_interfaces) StdoutLine: {'line': b'-- Up-to-date: /home/loser/learning_ros2/chapt3/topic_practice_ws/install/status_interfaces/include/status_interfaces/status_interfaces/msg\n'}
[2.408115] (status_interfaces) StdoutLine: {'line': b'-- Up-to-date: /home/loser/learning_ros2/chapt3/topic_practice_ws/install/status_interfaces/include/status_interfaces/status_interfaces/msg/detail\n'}
[2.408141] (status_interfaces) StdoutLine: {'line': b'-- Installing: /home/loser/learning_ros2/chapt3/topic_practice_ws/install/status_interfaces/include/status_interfaces/status_interfaces/msg/detail/system_status__type_support.c\n'}
[2.408167] (status_interfaces) StdoutLine: {'line': b'-- Installing: /home/loser/learning_ros2/chapt3/topic_practice_ws/install/status_interfaces/include/status_interfaces/status_interfaces/msg/detail/system_status__rosidl_typesupport_introspection_c.h\n'}
[2.408195] (status_interfaces) StdoutLine: {'line': b'-- Installing: /home/loser/learning_ros2/chapt3/topic_practice_ws/install/status_interfaces/include/status_interfaces/status_interfaces/msg/rosidl_typesupport_introspection_c__visibility_control.h\n'}
[2.408223] (status_interfaces) StdoutLine: {'line': b'-- Installing: /home/loser/learning_ros2/chapt3/topic_practice_ws/install/status_interfaces/lib/libstatus_interfaces__rosidl_typesupport_introspection_c.so\n'}
[2.408249] (status_interfaces) StdoutLine: {'line': b'-- Set runtime path of "/home/loser/learning_ros2/chapt3/topic_practice_ws/install/status_interfaces/lib/libstatus_interfaces__rosidl_typesupport_introspection_c.so" to ""\n'}
[2.408276] (status_interfaces) StdoutLine: {'line': b'-- Installing: /home/loser/learning_ros2/chapt3/topic_practice_ws/install/status_interfaces/lib/libstatus_interfaces__rosidl_typesupport_c.so\n'}
[2.408302] (status_interfaces) StdoutLine: {'line': b'-- Set runtime path of "/home/loser/learning_ros2/chapt3/topic_practice_ws/install/status_interfaces/lib/libstatus_interfaces__rosidl_typesupport_c.so" to ""\n'}
[2.408328] (status_interfaces) StdoutLine: {'line': b'-- Up-to-date: /home/loser/learning_ros2/chapt3/topic_practice_ws/install/status_interfaces/include/status_interfaces/status_interfaces\n'}
[2.408355] (status_interfaces) StdoutLine: {'line': b'-- Up-to-date: /home/loser/learning_ros2/chapt3/topic_practice_ws/install/status_interfaces/include/status_interfaces/status_interfaces/msg\n'}
[2.408382] (status_interfaces) StdoutLine: {'line': b'-- Up-to-date: /home/loser/learning_ros2/chapt3/topic_practice_ws/install/status_interfaces/include/status_interfaces/status_interfaces/msg/detail\n'}
[2.408409] (status_interfaces) StdoutLine: {'line': b'-- Installing: /home/loser/learning_ros2/chapt3/topic_practice_ws/install/status_interfaces/include/status_interfaces/status_interfaces/msg/detail/system_status__type_support.cpp\n'}
[2.408438] (status_interfaces) StdoutLine: {'line': b'-- Installing: /home/loser/learning_ros2/chapt3/topic_practice_ws/install/status_interfaces/include/status_interfaces/status_interfaces/msg/detail/system_status__rosidl_typesupport_introspection_cpp.hpp\n'}
[2.408501] (status_interfaces) StdoutLine: {'line': b'-- Installing: /home/loser/learning_ros2/chapt3/topic_practice_ws/install/status_interfaces/lib/libstatus_interfaces__rosidl_typesupport_introspection_cpp.so\n'}
[2.408527] (status_interfaces) StdoutLine: {'line': b'-- Set runtime path of "/home/loser/learning_ros2/chapt3/topic_practice_ws/install/status_interfaces/lib/libstatus_interfaces__rosidl_typesupport_introspection_cpp.so" to ""\n'}
[2.408551] (status_interfaces) StdoutLine: {'line': b'-- Installing: /home/loser/learning_ros2/chapt3/topic_practice_ws/install/status_interfaces/lib/libstatus_interfaces__rosidl_typesupport_cpp.so\n'}
[2.408596] (status_interfaces) StdoutLine: {'line': b'-- Set runtime path of "/home/loser/learning_ros2/chapt3/topic_practice_ws/install/status_interfaces/lib/libstatus_interfaces__rosidl_typesupport_cpp.so" to ""\n'}
[2.408622] (status_interfaces) StdoutLine: {'line': b'-- Installing: /home/loser/learning_ros2/chapt3/topic_practice_ws/install/status_interfaces/share/status_interfaces/environment/pythonpath.sh\n'}
[2.408646] (status_interfaces) StdoutLine: {'line': b'-- Installing: /home/loser/learning_ros2/chapt3/topic_practice_ws/install/status_interfaces/share/status_interfaces/environment/pythonpath.dsv\n'}
[2.408671] (status_interfaces) StdoutLine: {'line': b'-- Up-to-date: /home/loser/learning_ros2/chapt3/topic_practice_ws/install/status_interfaces/local/lib/python3.10/dist-packages/status_interfaces-0.0.0-py3.10.egg-info\n'}
[2.408697] (status_interfaces) StdoutLine: {'line': b'-- Installing: /home/loser/learning_ros2/chapt3/topic_practice_ws/install/status_interfaces/local/lib/python3.10/dist-packages/status_interfaces-0.0.0-py3.10.egg-info/PKG-INFO\n'}
[2.408722] (status_interfaces) StdoutLine: {'line': b'-- Installing: /home/loser/learning_ros2/chapt3/topic_practice_ws/install/status_interfaces/local/lib/python3.10/dist-packages/status_interfaces-0.0.0-py3.10.egg-info/SOURCES.txt\n'}
[2.408745] (status_interfaces) StdoutLine: {'line': b'-- Installing: /home/loser/learning_ros2/chapt3/topic_practice_ws/install/status_interfaces/local/lib/python3.10/dist-packages/status_interfaces-0.0.0-py3.10.egg-info/top_level.txt\n'}
[2.408769] (status_interfaces) StdoutLine: {'line': b'-- Installing: /home/loser/learning_ros2/chapt3/topic_practice_ws/install/status_interfaces/local/lib/python3.10/dist-packages/status_interfaces-0.0.0-py3.10.egg-info/dependency_links.txt\n'}
[2.408792] (status_interfaces) StdoutLine: {'line': b'-- Up-to-date: /home/loser/learning_ros2/chapt3/topic_practice_ws/install/status_interfaces/local/lib/python3.10/dist-packages/status_interfaces\n'}
[2.408816] (status_interfaces) StdoutLine: {'line': b'-- Up-to-date: /home/loser/learning_ros2/chapt3/topic_practice_ws/install/status_interfaces/local/lib/python3.10/dist-packages/status_interfaces/msg\n'}
[2.408839] (status_interfaces) StdoutLine: {'line': b'-- Installing: /home/loser/learning_ros2/chapt3/topic_practice_ws/install/status_interfaces/local/lib/python3.10/dist-packages/status_interfaces/msg/_system_status_s.c\n'}
[2.409263] (status_interfaces) StdoutLine: {'line': b'-- Installing: /home/loser/learning_ros2/chapt3/topic_practice_ws/install/status_interfaces/local/lib/python3.10/dist-packages/status_interfaces/msg/__init__.py\n'}
[2.409328] (status_interfaces) StdoutLine: {'line': b'-- Installing: /home/loser/learning_ros2/chapt3/topic_practice_ws/install/status_interfaces/local/lib/python3.10/dist-packages/status_interfaces/msg/_system_status.py\n'}
[2.409357] (status_interfaces) StdoutLine: {'line': b'-- Installing: /home/loser/learning_ros2/chapt3/topic_practice_ws/install/status_interfaces/local/lib/python3.10/dist-packages/status_interfaces/__init__.py\n'}
[2.409383] (status_interfaces) StdoutLine: {'line': b'-- Installing: /home/loser/learning_ros2/chapt3/topic_practice_ws/install/status_interfaces/local/lib/python3.10/dist-packages/status_interfaces/libstatus_interfaces__rosidl_generator_py.so\n'}
[2.409407] (status_interfaces) StdoutLine: {'line': b'-- Installing: /home/loser/learning_ros2/chapt3/topic_practice_ws/install/status_interfaces/local/lib/python3.10/dist-packages/status_interfaces/_status_interfaces_s.ep.rosidl_typesupport_c.c\n'}
[2.409435] (status_interfaces) StdoutLine: {'line': b'-- Installing: /home/loser/learning_ros2/chapt3/topic_practice_ws/install/status_interfaces/local/lib/python3.10/dist-packages/status_interfaces/status_interfaces_s__rosidl_typesupport_fastrtps_c.cpython-310-x86_64-linux-gnu.so\n'}
[2.409462] (status_interfaces) StdoutLine: {'line': b'-- Installing: /home/loser/learning_ros2/chapt3/topic_practice_ws/install/status_interfaces/local/lib/python3.10/dist-packages/status_interfaces/_status_interfaces_s.ep.rosidl_typesupport_fastrtps_c.c\n'}
[2.409487] (status_interfaces) StdoutLine: {'line': b'-- Installing: /home/loser/learning_ros2/chapt3/topic_practice_ws/install/status_interfaces/local/lib/python3.10/dist-packages/status_interfaces/status_interfaces_s__rosidl_typesupport_c.cpython-310-x86_64-linux-gnu.so\n'}
[2.409511] (status_interfaces) StdoutLine: {'line': b'-- Installing: /home/loser/learning_ros2/chapt3/topic_practice_ws/install/status_interfaces/local/lib/python3.10/dist-packages/status_interfaces/_status_interfaces_s.ep.rosidl_typesupport_introspection_c.c\n'}
[2.409537] (status_interfaces) StdoutLine: {'line': b'-- Installing: /home/loser/learning_ros2/chapt3/topic_practice_ws/install/status_interfaces/local/lib/python3.10/dist-packages/status_interfaces/status_interfaces_s__rosidl_typesupport_introspection_c.cpython-310-x86_64-linux-gnu.so\n'}
[2.431252] (status_interfaces) StdoutLine: {'line': b"Listing '/home/loser/learning_ros2/chapt3/topic_practice_ws/install/status_interfaces/local/lib/python3.10/dist-packages/status_interfaces'...\n"}
[2.431379] (status_interfaces) StdoutLine: {'line': b"Compiling '/home/loser/learning_ros2/chapt3/topic_practice_ws/install/status_interfaces/local/lib/python3.10/dist-packages/status_interfaces/__init__.py'...\n"}
[2.431418] (status_interfaces) StdoutLine: {'line': b"Listing '/home/loser/learning_ros2/chapt3/topic_practice_ws/install/status_interfaces/local/lib/python3.10/dist-packages/status_interfaces/msg'...\n"}
[2.431549] (status_interfaces) StdoutLine: {'line': b"Compiling '/home/loser/learning_ros2/chapt3/topic_practice_ws/install/status_interfaces/local/lib/python3.10/dist-packages/status_interfaces/msg/__init__.py'...\n"}
[2.431580] (status_interfaces) StdoutLine: {'line': b"Compiling '/home/loser/learning_ros2/chapt3/topic_practice_ws/install/status_interfaces/local/lib/python3.10/dist-packages/status_interfaces/msg/_system_status.py'...\n"}
[2.433926] (status_interfaces) StdoutLine: {'line': b'-- Installing: /home/loser/learning_ros2/chapt3/topic_practice_ws/install/status_interfaces/local/lib/python3.10/dist-packages/status_interfaces/status_interfaces_s__rosidl_typesupport_fastrtps_c.cpython-310-x86_64-linux-gnu.so\n'}
[2.434080] (status_interfaces) StdoutLine: {'line': b'-- Set runtime path of "/home/loser/learning_ros2/chapt3/topic_practice_ws/install/status_interfaces/local/lib/python3.10/dist-packages/status_interfaces/status_interfaces_s__rosidl_typesupport_fastrtps_c.cpython-310-x86_64-linux-gnu.so" to ""\n'}
[2.434133] (status_interfaces) StdoutLine: {'line': b'-- Installing: /home/loser/learning_ros2/chapt3/topic_practice_ws/install/status_interfaces/local/lib/python3.10/dist-packages/status_interfaces/status_interfaces_s__rosidl_typesupport_introspection_c.cpython-310-x86_64-linux-gnu.so\n'}
[2.434247] (status_interfaces) StdoutLine: {'line': b'-- Set runtime path of "/home/loser/learning_ros2/chapt3/topic_practice_ws/install/status_interfaces/local/lib/python3.10/dist-packages/status_interfaces/status_interfaces_s__rosidl_typesupport_introspection_c.cpython-310-x86_64-linux-gnu.so" to ""\n'}
[2.434325] (status_interfaces) StdoutLine: {'line': b'-- Installing: /home/loser/learning_ros2/chapt3/topic_practice_ws/install/status_interfaces/local/lib/python3.10/dist-packages/status_interfaces/status_interfaces_s__rosidl_typesupport_c.cpython-310-x86_64-linux-gnu.so\n'}
[2.434448] (status_interfaces) StdoutLine: {'line': b'-- Set runtime path of "/home/loser/learning_ros2/chapt3/topic_practice_ws/install/status_interfaces/local/lib/python3.10/dist-packages/status_interfaces/status_interfaces_s__rosidl_typesupport_c.cpython-310-x86_64-linux-gnu.so" to ""\n'}
[2.434585] (status_interfaces) StdoutLine: {'line': b'-- Installing: /home/loser/learning_ros2/chapt3/topic_practice_ws/install/status_interfaces/lib/libstatus_interfaces__rosidl_generator_py.so\n'}
[2.434799] (status_interfaces) StdoutLine: {'line': b'-- Set runtime path of "/home/loser/learning_ros2/chapt3/topic_practice_ws/install/status_interfaces/lib/libstatus_interfaces__rosidl_generator_py.so" to ""\n'}
[2.434840] (status_interfaces) StdoutLine: {'line': b'-- Up-to-date: /home/loser/learning_ros2/chapt3/topic_practice_ws/install/status_interfaces/share/status_interfaces/rust\n'}
[2.434871] (status_interfaces) StdoutLine: {'line': b'-- Installing: /home/loser/learning_ros2/chapt3/topic_practice_ws/install/status_interfaces/share/status_interfaces/rust/Cargo.toml\n'}
[2.434899] (status_interfaces) StdoutLine: {'line': b'-- Installing: /home/loser/learning_ros2/chapt3/topic_practice_ws/install/status_interfaces/share/status_interfaces/rust/build.rs\n'}
[2.434925] (status_interfaces) StdoutLine: {'line': b'-- Up-to-date: /home/loser/learning_ros2/chapt3/topic_practice_ws/install/status_interfaces/share/status_interfaces/rust/src\n'}
[2.434951] (status_interfaces) StdoutLine: {'line': b'-- Installing: /home/loser/learning_ros2/chapt3/topic_practice_ws/install/status_interfaces/share/status_interfaces/rust/src/msg.rs\n'}
[2.435314] (status_interfaces) StdoutLine: {'line': b'-- Up-to-date: /home/loser/learning_ros2/chapt3/topic_practice_ws/install/status_interfaces/share/status_interfaces/rust/src/msg\n'}
[2.435354] (status_interfaces) StdoutLine: {'line': b'-- Installing: /home/loser/learning_ros2/chapt3/topic_practice_ws/install/status_interfaces/share/status_interfaces/rust/src/msg/rmw.rs\n'}
[2.435533] (status_interfaces) StdoutLine: {'line': b'-- Installing: /home/loser/learning_ros2/chapt3/topic_practice_ws/install/status_interfaces/share/status_interfaces/rust/src/lib.rs\n'}
[2.435573] (status_interfaces) StdoutLine: {'line': b'-- Installing: /home/loser/learning_ros2/chapt3/topic_practice_ws/install/status_interfaces/share/status_interfaces/msg/SystemStatus.idl\n'}
[2.435688] (status_interfaces) StdoutLine: {'line': b'-- Up-to-date: /home/loser/learning_ros2/chapt3/topic_practice_ws/install/status_interfaces/share/status_interfaces/msg/SystemStatus.msg\n'}
[2.435730] (status_interfaces) StdoutLine: {'line': b'-- Installing: /home/loser/learning_ros2/chapt3/topic_practice_ws/install/status_interfaces/share/ament_index/resource_index/package_run_dependencies/status_interfaces\n'}
[2.435837] (status_interfaces) StdoutLine: {'line': b'-- Installing: /home/loser/learning_ros2/chapt3/topic_practice_ws/install/status_interfaces/share/ament_index/resource_index/parent_prefix_path/status_interfaces\n'}
[2.435862] (status_interfaces) StdoutLine: {'line': b'-- Up-to-date: /home/loser/learning_ros2/chapt3/topic_practice_ws/install/status_interfaces/share/status_interfaces/environment/ament_prefix_path.sh\n'}
[2.436020] (status_interfaces) StdoutLine: {'line': b'-- Installing: /home/loser/learning_ros2/chapt3/topic_practice_ws/install/status_interfaces/share/status_interfaces/environment/ament_prefix_path.dsv\n'}
[2.436046] (status_interfaces) StdoutLine: {'line': b'-- Up-to-date: /home/loser/learning_ros2/chapt3/topic_practice_ws/install/status_interfaces/share/status_interfaces/environment/path.sh\n'}
[2.436206] (status_interfaces) StdoutLine: {'line': b'-- Installing: /home/loser/learning_ros2/chapt3/topic_practice_ws/install/status_interfaces/share/status_interfaces/environment/path.dsv\n'}
[2.436231] (status_interfaces) StdoutLine: {'line': b'-- Installing: /home/loser/learning_ros2/chapt3/topic_practice_ws/install/status_interfaces/share/status_interfaces/local_setup.bash\n'}
[2.436367] (status_interfaces) StdoutLine: {'line': b'-- Installing: /home/loser/learning_ros2/chapt3/topic_practice_ws/install/status_interfaces/share/status_interfaces/local_setup.sh\n'}
[2.436409] (status_interfaces) StdoutLine: {'line': b'-- Installing: /home/loser/learning_ros2/chapt3/topic_practice_ws/install/status_interfaces/share/status_interfaces/local_setup.zsh\n'}
[2.436439] (status_interfaces) StdoutLine: {'line': b'-- Installing: /home/loser/learning_ros2/chapt3/topic_practice_ws/install/status_interfaces/share/status_interfaces/local_setup.dsv\n'}
[2.436473] (status_interfaces) StdoutLine: {'line': b'-- Installing: /home/loser/learning_ros2/chapt3/topic_practice_ws/install/status_interfaces/share/status_interfaces/package.dsv\n'}
[2.436498] (status_interfaces) StdoutLine: {'line': b'-- Installing: /home/loser/learning_ros2/chapt3/topic_practice_ws/install/status_interfaces/share/ament_index/resource_index/packages/status_interfaces\n'}
[2.436778] (status_interfaces) StdoutLine: {'line': b'-- Installing: /home/loser/learning_ros2/chapt3/topic_practice_ws/install/status_interfaces/share/status_interfaces/cmake/export_status_interfaces__rosidl_generator_cExport.cmake\n'}
[2.436818] (status_interfaces) StdoutLine: {'line': b'-- Installing: /home/loser/learning_ros2/chapt3/topic_practice_ws/install/status_interfaces/share/status_interfaces/cmake/export_status_interfaces__rosidl_generator_cExport-noconfig.cmake\n'}
[2.436845] (status_interfaces) StdoutLine: {'line': b'-- Installing: /home/loser/learning_ros2/chapt3/topic_practice_ws/install/status_interfaces/share/status_interfaces/cmake/export_status_interfaces__rosidl_typesupport_fastrtps_cExport.cmake\n'}
[2.437101] (status_interfaces) StdoutLine: {'line': b'-- Installing: /home/loser/learning_ros2/chapt3/topic_practice_ws/install/status_interfaces/share/status_interfaces/cmake/export_status_interfaces__rosidl_typesupport_fastrtps_cExport-noconfig.cmake\n'}
[2.437155] (status_interfaces) StdoutLine: {'line': b'-- Installing: /home/loser/learning_ros2/chapt3/topic_practice_ws/install/status_interfaces/share/status_interfaces/cmake/export_status_interfaces__rosidl_generator_cppExport.cmake\n'}
[2.437192] (status_interfaces) StdoutLine: {'line': b'-- Installing: /home/loser/learning_ros2/chapt3/topic_practice_ws/install/status_interfaces/share/status_interfaces/cmake/export_status_interfaces__rosidl_typesupport_fastrtps_cppExport.cmake\n'}
[2.437230] (status_interfaces) StdoutLine: {'line': b'-- Installing: /home/loser/learning_ros2/chapt3/topic_practice_ws/install/status_interfaces/share/status_interfaces/cmake/export_status_interfaces__rosidl_typesupport_fastrtps_cppExport-noconfig.cmake\n'}
[2.437255] (status_interfaces) StdoutLine: {'line': b'-- Installing: /home/loser/learning_ros2/chapt3/topic_practice_ws/install/status_interfaces/share/status_interfaces/cmake/status_interfaces__rosidl_typesupport_introspection_cExport.cmake\n'}
[2.437278] (status_interfaces) StdoutLine: {'line': b'-- Installing: /home/loser/learning_ros2/chapt3/topic_practice_ws/install/status_interfaces/share/status_interfaces/cmake/status_interfaces__rosidl_typesupport_introspection_cExport-noconfig.cmake\n'}
[2.437301] (status_interfaces) StdoutLine: {'line': b'-- Installing: /home/loser/learning_ros2/chapt3/topic_practice_ws/install/status_interfaces/share/status_interfaces/cmake/status_interfaces__rosidl_typesupport_cExport.cmake\n'}
[2.437324] (status_interfaces) StdoutLine: {'line': b'-- Installing: /home/loser/learning_ros2/chapt3/topic_practice_ws/install/status_interfaces/share/status_interfaces/cmake/status_interfaces__rosidl_typesupport_cExport-noconfig.cmake\n'}
[2.437346] (status_interfaces) StdoutLine: {'line': b'-- Installing: /home/loser/learning_ros2/chapt3/topic_practice_ws/install/status_interfaces/share/status_interfaces/cmake/status_interfaces__rosidl_typesupport_introspection_cppExport.cmake\n'}
[2.437369] (status_interfaces) StdoutLine: {'line': b'-- Installing: /home/loser/learning_ros2/chapt3/topic_practice_ws/install/status_interfaces/share/status_interfaces/cmake/status_interfaces__rosidl_typesupport_introspection_cppExport-noconfig.cmake\n'}
[2.437398] (status_interfaces) StdoutLine: {'line': b'-- Installing: /home/loser/learning_ros2/chapt3/topic_practice_ws/install/status_interfaces/share/status_interfaces/cmake/status_interfaces__rosidl_typesupport_cppExport.cmake\n'}
[2.437421] (status_interfaces) StdoutLine: {'line': b'-- Installing: /home/loser/learning_ros2/chapt3/topic_practice_ws/install/status_interfaces/share/status_interfaces/cmake/status_interfaces__rosidl_typesupport_cppExport-noconfig.cmake\n'}
[2.437447] (status_interfaces) StdoutLine: {'line': b'-- Installing: /home/loser/learning_ros2/chapt3/topic_practice_ws/install/status_interfaces/share/status_interfaces/cmake/export_status_interfaces__rosidl_generator_pyExport.cmake\n'}
[2.437472] (status_interfaces) StdoutLine: {'line': b'-- Installing: /home/loser/learning_ros2/chapt3/topic_practice_ws/install/status_interfaces/share/status_interfaces/cmake/export_status_interfaces__rosidl_generator_pyExport-noconfig.cmake\n'}
[2.437496] (status_interfaces) StdoutLine: {'line': b'-- Installing: /home/loser/learning_ros2/chapt3/topic_practice_ws/install/status_interfaces/share/status_interfaces/cmake/rosidl_cmake-extras.cmake\n'}
[2.437520] (status_interfaces) StdoutLine: {'line': b'-- Installing: /home/loser/learning_ros2/chapt3/topic_practice_ws/install/status_interfaces/share/status_interfaces/cmake/ament_cmake_export_dependencies-extras.cmake\n'}
[2.437543] (status_interfaces) StdoutLine: {'line': b'-- Installing: /home/loser/learning_ros2/chapt3/topic_practice_ws/install/status_interfaces/share/status_interfaces/cmake/ament_cmake_export_include_directories-extras.cmake\n'}
[2.437566] (status_interfaces) StdoutLine: {'line': b'-- Installing: /home/loser/learning_ros2/chapt3/topic_practice_ws/install/status_interfaces/share/status_interfaces/cmake/ament_cmake_export_libraries-extras.cmake\n'}
[2.437588] (status_interfaces) StdoutLine: {'line': b'-- Installing: /home/loser/learning_ros2/chapt3/topic_practice_ws/install/status_interfaces/share/status_interfaces/cmake/ament_cmake_export_targets-extras.cmake\n'}
[2.437610] (status_interfaces) StdoutLine: {'line': b'-- Installing: /home/loser/learning_ros2/chapt3/topic_practice_ws/install/status_interfaces/share/status_interfaces/cmake/rosidl_cmake_export_typesupport_targets-extras.cmake\n'}
[2.437632] (status_interfaces) StdoutLine: {'line': b'-- Installing: /home/loser/learning_ros2/chapt3/topic_practice_ws/install/status_interfaces/share/status_interfaces/cmake/rosidl_cmake_export_typesupport_libraries-extras.cmake\n'}
[2.437655] (status_interfaces) StdoutLine: {'line': b'-- Installing: /home/loser/learning_ros2/chapt3/topic_practice_ws/install/status_interfaces/share/status_interfaces/cmake/rosidl_cmake_aggregate_target-extras.cmake\n'}
[2.437676] (status_interfaces) StdoutLine: {'line': b'-- Installing: /home/loser/learning_ros2/chapt3/topic_practice_ws/install/status_interfaces/share/status_interfaces/cmake/status_interfacesConfig.cmake\n'}
[2.437698] (status_interfaces) StdoutLine: {'line': b'-- Installing: /home/loser/learning_ros2/chapt3/topic_practice_ws/install/status_interfaces/share/status_interfaces/cmake/status_interfacesConfig-version.cmake\n'}
[2.437720] (status_interfaces) StdoutLine: {'line': b'-- Up-to-date: /home/loser/learning_ros2/chapt3/topic_practice_ws/install/status_interfaces/share/status_interfaces/package.xml\n'}
[2.439484] (status_interfaces) CommandEnded: {'returncode': 0}
[2.454520] (status_interfaces) JobEnded: {'identifier': 'status_interfaces', 'rc': 0}
[2.455087] (status_display) JobStarted: {'identifier': 'status_display'}
[2.457555] (status_publisher) JobStarted: {'identifier': 'status_publisher'}
[2.460612] (status_display) JobProgress: {'identifier': 'status_display', 'progress': 'cmake'}
[2.460986] (status_display) Command: {'cmd': ['/usr/bin/cmake', '/home/loser/learning_ros2/chapt3/topic_practice_ws/src/status_display', '-DCMAKE_INSTALL_PREFIX=/home/loser/learning_ros2/chapt3/topic_practice_ws/install/status_display'], 'cwd': '/home/loser/learning_ros2/chapt3/topic_practice_ws/build/status_display', 'env': OrderedDict([('GJS_DEBUG_TOPICS', 'JS ERROR;JS LOG'), ('LESSOPEN', '| /usr/bin/lesspipe %s'), ('LANGUAGE', 'zh_CN:en_US:en'), ('USER', 'loser'), ('LC_TIME', 'zh_CN.UTF-8'), ('XDG_SESSION_TYPE', 'x11'), ('GIT_ASKPASS', '/usr/share/code/resources/app/extensions/git/dist/askpass.sh'), ('SHLVL', '1'), ('LD_LIBRARY_PATH', '/home/loser/learning_ros2/chapt3/topic_practice_ws/install/status_interfaces/lib:/usr/local/cuda-12.8/lib64:/opt/ros/humble/opt/rviz_ogre_vendor/lib:/opt/ros/humble/lib/x86_64-linux-gnu:/opt/ros/humble/lib:/usr/local/cuda-12.8/lib64'), ('HOME', '/home/loser'), ('CHROME_DESKTOP', 'com.microsoft.VSCode.desktop'), ('OLDPWD', '/home/loser/learning_ros2/chapt3/topic_practice_ws/src/status_display'), ('TERM_PROGRAM_VERSION', '1.140.0'), ('DESKTOP_SESSION', 'ubuntu'), ('GIO_LAUNCHED_DESKTOP_FILE', '/usr/share/applications/com.microsoft.VSCode.desktop'), ('ROS_PYTHON_VERSION', '3'), ('GNOME_SHELL_SESSION_MODE', 'ubuntu'), ('GTK_MODULES', 'gail:atk-bridge'), ('VSCODE_GIT_ASKPASS_MAIN', '/usr/share/code/resources/app/extensions/git/dist/askpass-main.js'), ('LC_MONETARY', 'zh_CN.UTF-8'), ('VSCODE_GIT_ASKPASS_NODE', '/usr/share/code/code'), ('MANAGERPID', '1807'), ('PYDEVD_DISABLE_FILE_VALIDATION', '1'), ('SYSTEMD_EXEC_PID', '2066'), ('BUNDLED_DEBUGPY_PATH', '/home/loser/.vscode/extensions/ms-python.debugpy-2026.6.0-linux-x64/bundled/libs/debugpy'), ('VSCODE_PYTHON_AUTOACTIVATE_GUARD', '1'), ('DBUS_SESSION_BUS_ADDRESS', 'unix:path=/run/user/1000/bus'), ('COLORTERM', 'truecolor'), ('GIO_LAUNCHED_DESKTOP_FILE_PID', '3570'), ('COLCON_PREFIX_PATH', '/home/loser/learning_ros2/chapt3/topic_practice_ws/install:/home/loser/learning_ros2/chapt3/topic_ws/install'), ('ROS_DISTRO', 'humble'), ('GTK_IM_MODULE', 'ibus'), ('LOGNAME', 'loser'), ('JOURNAL_STREAM', '8:18204'), ('_', '/usr/bin/colcon'), ('ROS_VERSION', '2'), ('CLAUDE_CODE_SSE_PORT', '10971'), ('XDG_SESSION_CLASS', 'user'), ('USERNAME', 'loser'), ('TERM', 'xterm-256color'), ('GNOME_DESKTOP_SESSION_ID', 'this-is-deprecated'), ('FC_FONTATIONS', '1'), ('ROS_LOCALHOST_ONLY', '0'), ('WINDOWPATH', '2'), ('PATH', '/home/loser/.local/bin:/usr/local/cuda-12.8/bin:/home/loser/.config/Code/User/globalStorage/github.copilot-chat/debugCommand:/home/loser/.config/Code/User/globalStorage/github.copilot-chat/copilotCli:/home/loser/.local/bin:/opt/ros/humble/bin:/home/loser/.local/bin:/usr/local/cuda-12.8/bin:/home/loser/.local/bin:/usr/local/sbin:/usr/local/bin:/usr/sbin:/usr/bin:/sbin:/bin:/usr/games:/usr/local/games:/snap/bin:/snap/bin:/home/loser/.vscode/extensions/ms-python.debugpy-2026.6.0-linux-x64/bundled/scripts/noConfigScripts'), ('SESSION_MANAGER', 'local/loser:@/tmp/.ICE-unix/2038,unix/loser:/tmp/.ICE-unix/2038'), ('INVOCATION_ID', '42935d3731024a9eba71ea25df45abd8'), ('PAPERSIZE', 'a4'), ('XDG_MENU_PREFIX', 'gnome-'), ('LC_ADDRESS', 'zh_CN.UTF-8'), ('XDG_RUNTIME_DIR', '/run/user/1000'), ('GDK_BACKEND', 'x11'), ('DISPLAY', ':1'), ('VSCODE_DEBUGPY_ADAPTER_ENDPOINTS', '/home/loser/.vscode/extensions/ms-python.debugpy-2026.6.0-linux-x64/.noConfigDebugAdapterEndpoints/endpoint-00fe9316e09dcda9.txt'), ('LANG', 'zh_CN.UTF-8'), ('XDG_CURRENT_DESKTOP', 'ubuntu:GNOME'), ('PYTHONSTARTUP', '/home/loser/.config/Code/User/workspaceStorage/903f5eb7d7f94aea23b675e5f87fe662/ms-python.python/pythonrc.py'), ('LC_TELEPHONE', 'zh_CN.UTF-8'), ('XMODIFIERS', '@im=ibus'), ('XDG_SESSION_DESKTOP', 'ubuntu'), ('XAUTHORITY', '/run/user/1000/gdm/Xauthority'), ('LS_COLORS', 'rs=0:di=01;34:ln=01;36:mh=00:pi=40;33:so=01;35:do=01;35:bd=40;33;01:cd=40;33;01:or=40;31;01:mi=00:su=37;41:sg=30;43:ca=30;41:tw=30;42:ow=34;42:st=37;44:ex=01;32:*.tar=01;31:*.tgz=01;31:*.arc=01;31:*.arj=01;31:*.taz=01;31:*.lha=01;31:*.lz4=01;31:*.lzh=01;31:*.lzma=01;31:*.tlz=01;31:*.txz=01;31:*.tzo=01;31:*.t7z=01;31:*.zip=01;31:*.z=01;31:*.dz=01;31:*.gz=01;31:*.lrz=01;31:*.lz=01;31:*.lzo=01;31:*.xz=01;31:*.zst=01;31:*.tzst=01;31:*.bz2=01;31:*.bz=01;31:*.tbz=01;31:*.tbz2=01;31:*.tz=01;31:*.deb=01;31:*.rpm=01;31:*.jar=01;31:*.war=01;31:*.ear=01;31:*.sar=01;31:*.rar=01;31:*.alz=01;31:*.ace=01;31:*.zoo=01;31:*.cpio=01;31:*.7z=01;31:*.rz=01;31:*.cab=01;31:*.wim=01;31:*.swm=01;31:*.dwm=01;31:*.esd=01;31:*.jpg=01;35:*.jpeg=01;35:*.mjpg=01;35:*.mjpeg=01;35:*.gif=01;35:*.bmp=01;35:*.pbm=01;35:*.pgm=01;35:*.ppm=01;35:*.tga=01;35:*.xbm=01;35:*.xpm=01;35:*.tif=01;35:*.tiff=01;35:*.png=01;35:*.svg=01;35:*.svgz=01;35:*.mng=01;35:*.pcx=01;35:*.mov=01;35:*.mpg=01;35:*.mpeg=01;35:*.m2v=01;35:*.mkv=01;35:*.webm=01;35:*.webp=01;35:*.ogm=01;35:*.mp4=01;35:*.m4v=01;35:*.mp4v=01;35:*.vob=01;35:*.qt=01;35:*.nuv=01;35:*.wmv=01;35:*.asf=01;35:*.rm=01;35:*.rmvb=01;35:*.flc=01;35:*.avi=01;35:*.fli=01;35:*.flv=01;35:*.gl=01;35:*.dl=01;35:*.xcf=01;35:*.xwd=01;35:*.yuv=01;35:*.cgm=01;35:*.emf=01;35:*.ogv=01;35:*.ogx=01;35:*.aac=00;36:*.au=00;36:*.flac=00;36:*.m4a=00;36:*.mid=00;36:*.midi=00;36:*.mka=00;36:*.mp3=00;36:*.mpc=00;36:*.ogg=00;36:*.ra=00;36:*.wav=00;36:*.oga=00;36:*.opus=00;36:*.spx=00;36:*.xspf=00;36:'), ('VSCODE_GIT_IPC_HANDLE', '/run/user/1000/vscode-git-95600973bf.sock'), ('TERM_PROGRAM', 'vscode'), ('SSH_AGENT_LAUNCHER', 'gnome-keyring'), ('SSH_AUTH_SOCK', '/run/user/1000/keyring/ssh'), ('AMENT_PREFIX_PATH', '/home/loser/learning_ros2/chapt3/topic_practice_ws/install/status_publisher:/home/loser/learning_ros2/chapt3/topic_practice_ws/install/status_interfaces:/home/loser/learning_ros2/chapt3/topic_ws/install/demo_python_topic:/home/loser/learning_ros2/chapt3/topic_ws/install/demo_cpp_topic:/opt/ros/humble'), ('SHELL', '/bin/bash'), ('LC_NAME', 'zh_CN.UTF-8'), ('QT_ACCESSIBILITY', '1'), ('GDMSESSION', 'ubuntu'), ('LESSCLOSE', '/usr/bin/lesspipe %s %s'), ('LC_MEASUREMENT', 'zh_CN.UTF-8'), ('GPG_AGENT_INFO', '/run/user/1000/gnupg/S.gpg-agent:0:1'), ('GJS_DEBUG_OUTPUT', 'stderr'), ('LC_IDENTIFICATION', 'zh_CN.UTF-8'), ('VSCODE_GIT_ASKPASS_EXTRA_ARGS', ''), ('QT_IM_MODULE', 'ibus'), ('PWD', '/home/loser/learning_ros2/chapt3/topic_practice_ws/build/status_display'), ('LC_ALL', 'en_US.UTF-8'), ('XDG_CONFIG_DIRS', '/etc/xdg/xdg-ubuntu:/etc/xdg'), ('COPILOT_DEBUG_NONCE', '99724c0eb217d5a8607c718ce98a4790'), ('XDG_DATA_DIRS', '/usr/share/ubuntu:/usr/share/gnome:/usr/local/share/:/usr/share/:/var/lib/snapd/desktop'), ('PYTHONPATH', '/home/loser/learning_ros2/chapt3/topic_practice_ws/install/status_publisher/lib/python3.10/site-packages:/home/loser/learning_ros2/chapt3/topic_practice_ws/install/status_interfaces/local/lib/python3.10/dist-packages:/home/loser/learning_ros2/chapt3/topic_ws/install/demo_python_topic/lib/python3.10/site-packages:/opt/ros/humble/lib/python3.10/site-packages:/opt/ros/humble/local/lib/python3.10/dist-packages'), ('LC_NUMERIC', 'zh_CN.UTF-8'), ('LC_PAPER', 'zh_CN.UTF-8'), ('COLCON', '1'), ('CMAKE_PREFIX_PATH', '/home/loser/learning_ros2/chapt3/topic_practice_ws/install/status_interfaces:/home/loser/learning_ros2/chapt3/topic_ws/install/demo_cpp_topic:/home/loser/learning_ros2/chapt3/topic_practice_ws/install/status_publisher:/home/loser/learning_ros2/chapt3/topic_ws/install/demo_python_topic:/opt/ros/humble')]), 'shell': False}
[2.503192] (status_display) StdoutLine: {'line': b'-- The C compiler identification is GNU 11.4.0\n'}
[2.503751] (-) TimerEvent: {}
[2.548348] (status_display) StdoutLine: {'line': b'-- The CXX compiler identification is GNU 11.4.0\n'}
[2.553278] (status_display) StdoutLine: {'line': b'-- Detecting C compiler ABI info\n'}
[2.603906] (-) TimerEvent: {}
[2.604431] (status_display) StdoutLine: {'line': b'-- Detecting C compiler ABI info - done\n'}
[2.608434] (status_display) StdoutLine: {'line': b'-- Check for working C compiler: /usr/bin/cc - skipped\n'}
[2.608594] (status_display) StdoutLine: {'line': b'-- Detecting C compile features\n'}
[2.609055] (status_display) StdoutLine: {'line': b'-- Detecting C compile features - done\n'}
[2.612237] (status_display) StdoutLine: {'line': b'-- Detecting CXX compiler ABI info\n'}
[2.671592] (status_display) StdoutLine: {'line': b'-- Detecting CXX compiler ABI info - done\n'}
[2.675081] (status_display) StdoutLine: {'line': b'-- Check for working CXX compiler: /usr/bin/c++ - skipped\n'}
[2.675273] (status_display) StdoutLine: {'line': b'-- Detecting CXX compile features\n'}
[2.675573] (status_display) StdoutLine: {'line': b'-- Detecting CXX compile features - done\n'}
[2.676812] (status_display) StdoutLine: {'line': b'-- Found ament_cmake: 1.3.14 (/opt/ros/humble/share/ament_cmake/cmake)\n'}
[2.703928] (-) TimerEvent: {}
[2.798222] (status_display) StdoutLine: {'line': b'-- Found Python3: /usr/bin/python3 (found version "3.10.12") found components: Interpreter \n'}
[2.804286] (status_publisher) Command: {'cmd': ['/usr/bin/python3', '-W', 'ignore:setup.py install is deprecated', '-W', 'ignore:easy_install command is deprecated', 'setup.py', 'egg_info', '--egg-base', '../../build/status_publisher', 'build', '--build-base', '/home/loser/learning_ros2/chapt3/topic_practice_ws/build/status_publisher/build', 'install', '--record', '/home/loser/learning_ros2/chapt3/topic_practice_ws/build/status_publisher/install.log', '--install-scripts', '$base/lib/status_publisher', '--single-version-externally-managed', 'install_data'], 'cwd': '/home/loser/learning_ros2/chapt3/topic_practice_ws/src/status_publisher', 'env': OrderedDict([('GJS_DEBUG_TOPICS', 'JS ERROR;JS LOG'), ('LESSOPEN', '| /usr/bin/lesspipe %s'), ('LANGUAGE', 'zh_CN:en_US:en'), ('USER', 'loser'), ('LC_TIME', 'zh_CN.UTF-8'), ('XDG_SESSION_TYPE', 'x11'), ('GIT_ASKPASS', '/usr/share/code/resources/app/extensions/git/dist/askpass.sh'), ('SHLVL', '1'), ('LD_LIBRARY_PATH', '/home/loser/learning_ros2/chapt3/topic_practice_ws/install/status_interfaces/lib:/usr/local/cuda-12.8/lib64:/opt/ros/humble/opt/rviz_ogre_vendor/lib:/opt/ros/humble/lib/x86_64-linux-gnu:/opt/ros/humble/lib:/usr/local/cuda-12.8/lib64'), ('HOME', '/home/loser'), ('CHROME_DESKTOP', 'com.microsoft.VSCode.desktop'), ('OLDPWD', '/home/loser/learning_ros2/chapt3/topic_practice_ws/src/status_display'), ('TERM_PROGRAM_VERSION', '1.140.0'), ('DESKTOP_SESSION', 'ubuntu'), ('GIO_LAUNCHED_DESKTOP_FILE', '/usr/share/applications/com.microsoft.VSCode.desktop'), ('ROS_PYTHON_VERSION', '3'), ('GNOME_SHELL_SESSION_MODE', 'ubuntu'), ('GTK_MODULES', 'gail:atk-bridge'), ('VSCODE_GIT_ASKPASS_MAIN', '/usr/share/code/resources/app/extensions/git/dist/askpass-main.js'), ('LC_MONETARY', 'zh_CN.UTF-8'), ('VSCODE_GIT_ASKPASS_NODE', '/usr/share/code/code'), ('MANAGERPID', '1807'), ('PYDEVD_DISABLE_FILE_VALIDATION', '1'), ('SYSTEMD_EXEC_PID', '2066'), ('BUNDLED_DEBUGPY_PATH', '/home/loser/.vscode/extensions/ms-python.debugpy-2026.6.0-linux-x64/bundled/libs/debugpy'), ('VSCODE_PYTHON_AUTOACTIVATE_GUARD', '1'), ('DBUS_SESSION_BUS_ADDRESS', 'unix:path=/run/user/1000/bus'), ('COLORTERM', 'truecolor'), ('GIO_LAUNCHED_DESKTOP_FILE_PID', '3570'), ('COLCON_PREFIX_PATH', '/home/loser/learning_ros2/chapt3/topic_practice_ws/install:/home/loser/learning_ros2/chapt3/topic_ws/install'), ('ROS_DISTRO', 'humble'), ('GTK_IM_MODULE', 'ibus'), ('LOGNAME', 'loser'), ('JOURNAL_STREAM', '8:18204'), ('_', '/usr/bin/colcon'), ('ROS_VERSION', '2'), ('CLAUDE_CODE_SSE_PORT', '10971'), ('XDG_SESSION_CLASS', 'user'), ('USERNAME', 'loser'), ('TERM', 'xterm-256color'), ('GNOME_DESKTOP_SESSION_ID', 'this-is-deprecated'), ('FC_FONTATIONS', '1'), ('ROS_LOCALHOST_ONLY', '0'), ('WINDOWPATH', '2'), ('PATH', '/home/loser/.local/bin:/usr/local/cuda-12.8/bin:/home/loser/.config/Code/User/globalStorage/github.copilot-chat/debugCommand:/home/loser/.config/Code/User/globalStorage/github.copilot-chat/copilotCli:/home/loser/.local/bin:/opt/ros/humble/bin:/home/loser/.local/bin:/usr/local/cuda-12.8/bin:/home/loser/.local/bin:/usr/local/sbin:/usr/local/bin:/usr/sbin:/usr/bin:/sbin:/bin:/usr/games:/usr/local/games:/snap/bin:/snap/bin:/home/loser/.vscode/extensions/ms-python.debugpy-2026.6.0-linux-x64/bundled/scripts/noConfigScripts'), ('SESSION_MANAGER', 'local/loser:@/tmp/.ICE-unix/2038,unix/loser:/tmp/.ICE-unix/2038'), ('INVOCATION_ID', '42935d3731024a9eba71ea25df45abd8'), ('PAPERSIZE', 'a4'), ('XDG_MENU_PREFIX', 'gnome-'), ('LC_ADDRESS', 'zh_CN.UTF-8'), ('XDG_RUNTIME_DIR', '/run/user/1000'), ('GDK_BACKEND', 'x11'), ('DISPLAY', ':1'), ('VSCODE_DEBUGPY_ADAPTER_ENDPOINTS', '/home/loser/.vscode/extensions/ms-python.debugpy-2026.6.0-linux-x64/.noConfigDebugAdapterEndpoints/endpoint-00fe9316e09dcda9.txt'), ('LANG', 'zh_CN.UTF-8'), ('XDG_CURRENT_DESKTOP', 'ubuntu:GNOME'), ('PYTHONSTARTUP', '/home/loser/.config/Code/User/workspaceStorage/903f5eb7d7f94aea23b675e5f87fe662/ms-python.python/pythonrc.py'), ('LC_TELEPHONE', 'zh_CN.UTF-8'), ('XMODIFIERS', '@im=ibus'), ('XDG_SESSION_DESKTOP', 'ubuntu'), ('XAUTHORITY', '/run/user/1000/gdm/Xauthority'), ('LS_COLORS', 'rs=0:di=01;34:ln=01;36:mh=00:pi=40;33:so=01;35:do=01;35:bd=40;33;01:cd=40;33;01:or=40;31;01:mi=00:su=37;41:sg=30;43:ca=30;41:tw=30;42:ow=34;42:st=37;44:ex=01;32:*.tar=01;31:*.tgz=01;31:*.arc=01;31:*.arj=01;31:*.taz=01;31:*.lha=01;31:*.lz4=01;31:*.lzh=01;31:*.lzma=01;31:*.tlz=01;31:*.txz=01;31:*.tzo=01;31:*.t7z=01;31:*.zip=01;31:*.z=01;31:*.dz=01;31:*.gz=01;31:*.lrz=01;31:*.lz=01;31:*.lzo=01;31:*.xz=01;31:*.zst=01;31:*.tzst=01;31:*.bz2=01;31:*.bz=01;31:*.tbz=01;31:*.tbz2=01;31:*.tz=01;31:*.deb=01;31:*.rpm=01;31:*.jar=01;31:*.war=01;31:*.ear=01;31:*.sar=01;31:*.rar=01;31:*.alz=01;31:*.ace=01;31:*.zoo=01;31:*.cpio=01;31:*.7z=01;31:*.rz=01;31:*.cab=01;31:*.wim=01;31:*.swm=01;31:*.dwm=01;31:*.esd=01;31:*.jpg=01;35:*.jpeg=01;35:*.mjpg=01;35:*.mjpeg=01;35:*.gif=01;35:*.bmp=01;35:*.pbm=01;35:*.pgm=01;35:*.ppm=01;35:*.tga=01;35:*.xbm=01;35:*.xpm=01;35:*.tif=01;35:*.tiff=01;35:*.png=01;35:*.svg=01;35:*.svgz=01;35:*.mng=01;35:*.pcx=01;35:*.mov=01;35:*.mpg=01;35:*.mpeg=01;35:*.m2v=01;35:*.mkv=01;35:*.webm=01;35:*.webp=01;35:*.ogm=01;35:*.mp4=01;35:*.m4v=01;35:*.mp4v=01;35:*.vob=01;35:*.qt=01;35:*.nuv=01;35:*.wmv=01;35:*.asf=01;35:*.rm=01;35:*.rmvb=01;35:*.flc=01;35:*.avi=01;35:*.fli=01;35:*.flv=01;35:*.gl=01;35:*.dl=01;35:*.xcf=01;35:*.xwd=01;35:*.yuv=01;35:*.cgm=01;35:*.emf=01;35:*.ogv=01;35:*.ogx=01;35:*.aac=00;36:*.au=00;36:*.flac=00;36:*.m4a=00;36:*.mid=00;36:*.midi=00;36:*.mka=00;36:*.mp3=00;36:*.mpc=00;36:*.ogg=00;36:*.ra=00;36:*.wav=00;36:*.oga=00;36:*.opus=00;36:*.spx=00;36:*.xspf=00;36:'), ('VSCODE_GIT_IPC_HANDLE', '/run/user/1000/vscode-git-95600973bf.sock'), ('TERM_PROGRAM', 'vscode'), ('SSH_AGENT_LAUNCHER', 'gnome-keyring'), ('SSH_AUTH_SOCK', '/run/user/1000/keyring/ssh'), ('AMENT_PREFIX_PATH', '/home/loser/learning_ros2/chapt3/topic_practice_ws/install/status_publisher:/home/loser/learning_ros2/chapt3/topic_practice_ws/install/status_interfaces:/home/loser/learning_ros2/chapt3/topic_ws/install/demo_python_topic:/home/loser/learning_ros2/chapt3/topic_ws/install/demo_cpp_topic:/opt/ros/humble'), ('SHELL', '/bin/bash'), ('LC_NAME', 'zh_CN.UTF-8'), ('QT_ACCESSIBILITY', '1'), ('GDMSESSION', 'ubuntu'), ('LESSCLOSE', '/usr/bin/lesspipe %s %s'), ('LC_MEASUREMENT', 'zh_CN.UTF-8'), ('GPG_AGENT_INFO', '/run/user/1000/gnupg/S.gpg-agent:0:1'), ('GJS_DEBUG_OUTPUT', 'stderr'), ('LC_IDENTIFICATION', 'zh_CN.UTF-8'), ('VSCODE_GIT_ASKPASS_EXTRA_ARGS', ''), ('QT_IM_MODULE', 'ibus'), ('PWD', '/home/loser/learning_ros2/chapt3/topic_practice_ws/build/status_publisher'), ('LC_ALL', 'en_US.UTF-8'), ('XDG_CONFIG_DIRS', '/etc/xdg/xdg-ubuntu:/etc/xdg'), ('COPILOT_DEBUG_NONCE', '99724c0eb217d5a8607c718ce98a4790'), ('XDG_DATA_DIRS', '/usr/share/ubuntu:/usr/share/gnome:/usr/local/share/:/usr/share/:/var/lib/snapd/desktop'), ('PYTHONPATH', '/home/loser/learning_ros2/chapt3/topic_practice_ws/build/status_publisher/prefix_override:/usr/lib/python3/dist-packages/colcon_core/task/python/colcon_distutils_commands:/home/loser/learning_ros2/chapt3/topic_practice_ws/install/status_publisher/lib/python3.10/site-packages:/home/loser/learning_ros2/chapt3/topic_practice_ws/install/status_publisher/lib/python3.10/site-packages:/home/loser/learning_ros2/chapt3/topic_practice_ws/install/status_interfaces/local/lib/python3.10/dist-packages:/home/loser/learning_ros2/chapt3/topic_ws/install/demo_python_topic/lib/python3.10/site-packages:/opt/ros/humble/lib/python3.10/site-packages:/opt/ros/humble/local/lib/python3.10/dist-packages'), ('LC_NUMERIC', 'zh_CN.UTF-8'), ('LC_PAPER', 'zh_CN.UTF-8'), ('COLCON', '1'), ('CMAKE_PREFIX_PATH', '/home/loser/learning_ros2/chapt3/topic_practice_ws/install/status_interfaces:/home/loser/learning_ros2/chapt3/topic_ws/install/demo_cpp_topic')]), 'shell': False}
[2.804794] (-) TimerEvent: {}
[2.858481] (status_display) StdoutLine: {'line': b'-- Found rclcpp: 16.0.21 (/opt/ros/humble/share/rclcpp/cmake)\n'}
[2.892391] (status_display) StdoutLine: {'line': b'-- Found rosidl_generator_c: 3.1.9 (/opt/ros/humble/share/rosidl_generator_c/cmake)\n'}
[2.895646] (status_display) StdoutLine: {'line': b'-- Found rosidl_adapter: 3.1.9 (/opt/ros/humble/share/rosidl_adapter/cmake)\n'}
[2.900091] (status_display) StdoutLine: {'line': b'-- Found rosidl_generator_cpp: 3.1.9 (/opt/ros/humble/share/rosidl_generator_cpp/cmake)\n'}
[2.904877] (-) TimerEvent: {}
[2.906817] (status_display) StdoutLine: {'line': b'-- Using all available rosidl_typesupport_c: rosidl_typesupport_fastrtps_c;rosidl_typesupport_introspection_c\n'}
[2.916686] (status_display) StdoutLine: {'line': b'-- Using all available rosidl_typesupport_cpp: rosidl_typesupport_fastrtps_cpp;rosidl_typesupport_introspection_cpp\n'}
[2.944412] (status_publisher) StdoutLine: {'line': b'running egg_info\n'}
[2.944741] (status_publisher) StdoutLine: {'line': b'creating ../../build/status_publisher/status_publisher.egg-info\n'}
[2.944788] (status_publisher) StdoutLine: {'line': b'writing ../../build/status_publisher/status_publisher.egg-info/PKG-INFO\n'}
[2.945692] (status_publisher) StdoutLine: {'line': b'writing dependency_links to ../../build/status_publisher/status_publisher.egg-info/dependency_links.txt\n'}
[2.945742] (status_publisher) StdoutLine: {'line': b'writing entry points to ../../build/status_publisher/status_publisher.egg-info/entry_points.txt\n'}
[2.945776] (status_publisher) StdoutLine: {'line': b'writing requirements to ../../build/status_publisher/status_publisher.egg-info/requires.txt\n'}
[2.945805] (status_publisher) StdoutLine: {'line': b'writing top-level names to ../../build/status_publisher/status_publisher.egg-info/top_level.txt\n'}
[2.945830] (status_publisher) StdoutLine: {'line': b"writing manifest file '../../build/status_publisher/status_publisher.egg-info/SOURCES.txt'\n"}
[2.945855] (status_publisher) StdoutLine: {'line': b"reading manifest file '../../build/status_publisher/status_publisher.egg-info/SOURCES.txt'\n"}
[2.945879] (status_publisher) StdoutLine: {'line': b"adding license file 'LICENSE'\n"}
[2.946060] (status_publisher) StdoutLine: {'line': b"writing manifest file '../../build/status_publisher/status_publisher.egg-info/SOURCES.txt'\n"}
[2.946183] (status_publisher) StdoutLine: {'line': b'running build\n'}
[2.946867] (status_publisher) StdoutLine: {'line': b'running build_py\n'}
[2.946903] (status_publisher) StdoutLine: {'line': b'creating /home/loser/learning_ros2/chapt3/topic_practice_ws/build/status_publisher/build\n'}
[2.946932] (status_publisher) StdoutLine: {'line': b'creating /home/loser/learning_ros2/chapt3/topic_practice_ws/build/status_publisher/build/lib\n'}
[2.946956] (status_publisher) StdoutLine: {'line': b'creating /home/loser/learning_ros2/chapt3/topic_practice_ws/build/status_publisher/build/lib/status_publisher\n'}
[2.947038] (status_publisher) StdoutLine: {'line': b'copying status_publisher/sys_status_pub.py -> /home/loser/learning_ros2/chapt3/topic_practice_ws/build/status_publisher/build/lib/status_publisher\n'}
[2.947073] (status_publisher) StdoutLine: {'line': b'copying status_publisher/__init__.py -> /home/loser/learning_ros2/chapt3/topic_practice_ws/build/status_publisher/build/lib/status_publisher\n'}
[2.947100] (status_publisher) StdoutLine: {'line': b'running install\n'}
[2.947124] (status_publisher) StdoutLine: {'line': b'running install_lib\n'}
[2.947149] (status_publisher) StdoutLine: {'line': b'copying /home/loser/learning_ros2/chapt3/topic_practice_ws/build/status_publisher/build/lib/status_publisher/sys_status_pub.py -> /home/loser/learning_ros2/chapt3/topic_practice_ws/install/status_publisher/lib/python3.10/site-packages/status_publisher\n'}
[2.947328] (status_publisher) StdoutLine: {'line': b'byte-compiling /home/loser/learning_ros2/chapt3/topic_practice_ws/install/status_publisher/lib/python3.10/site-packages/status_publisher/sys_status_pub.py to sys_status_pub.cpython-310.pyc\n'}
[2.948050] (status_publisher) StdoutLine: {'line': b'running install_data\n'}
[2.948112] (status_publisher) StdoutLine: {'line': b'running install_egg_info\n'}
[2.949152] (status_publisher) StdoutLine: {'line': b"removing '/home/loser/learning_ros2/chapt3/topic_practice_ws/install/status_publisher/lib/python3.10/site-packages/status_publisher-0.0.0-py3.10.egg-info' (and everything under it)\n"}
[2.949256] (status_publisher) StdoutLine: {'line': b'Copying ../../build/status_publisher/status_publisher.egg-info to /home/loser/learning_ros2/chapt3/topic_practice_ws/install/status_publisher/lib/python3.10/site-packages/status_publisher-0.0.0-py3.10.egg-info\n'}
[2.949290] (status_publisher) StdoutLine: {'line': b'running install_scripts\n'}
[2.962678] (status_publisher) StdoutLine: {'line': b'Installing sys_statys_pub script to /home/loser/learning_ros2/chapt3/topic_practice_ws/install/status_publisher/lib/status_publisher\n'}
[2.963054] (status_publisher) StdoutLine: {'line': b"writing list of installed files to '/home/loser/learning_ros2/chapt3/topic_practice_ws/build/status_publisher/install.log'\n"}
[2.978715] (status_publisher) CommandEnded: {'returncode': 0}
[2.981753] (status_display) StdoutLine: {'line': b'-- Found rmw_implementation_cmake: 6.1.4 (/opt/ros/humble/share/rmw_implementation_cmake/cmake)\n'}
[2.985376] (status_publisher) JobEnded: {'identifier': 'status_publisher', 'rc': 0}
[2.986404] (status_display) StdoutLine: {'line': b'-- Found rmw_fastrtps_cpp: 6.2.10 (/opt/ros/humble/share/rmw_fastrtps_cpp/cmake)\n'}
[3.005187] (-) TimerEvent: {}
[3.072780] (status_display) StdoutLine: {'line': b'-- Found OpenSSL: /usr/lib/x86_64-linux-gnu/libcrypto.so (found version "3.0.2")  \n'}
[3.095480] (status_display) StdoutLine: {'line': b'-- Found FastRTPS: /opt/ros/humble/include  \n'}
[3.105385] (-) TimerEvent: {}
[3.128671] (status_display) StdoutLine: {'line': b"-- Using RMW implementation 'rmw_fastrtps_cpp' as default\n"}
[3.139262] (status_display) StdoutLine: {'line': b'-- Looking for pthread.h\n'}
[3.188721] (status_display) StdoutLine: {'line': b'-- Looking for pthread.h - found\n'}
[3.188854] (status_display) StdoutLine: {'line': b'-- Performing Test CMAKE_HAVE_LIBC_PTHREAD\n'}
[3.205513] (-) TimerEvent: {}
[3.241875] (status_display) StdoutLine: {'line': b'-- Performing Test CMAKE_HAVE_LIBC_PTHREAD - Success\n'}
[3.241997] (status_display) StdoutLine: {'line': b'-- Found Threads: TRUE  \n'}
[3.305657] (-) TimerEvent: {}
[3.321607] (status_display) StdoutLine: {'line': b'-- Found status_interfaces: 0.0.0 (/home/loser/learning_ros2/chapt3/topic_practice_ws/install/status_interfaces/share/status_interfaces/cmake)\n'}
[3.326376] (status_display) StdoutLine: {'line': b'-- Found ament_lint_auto: 0.12.15 (/opt/ros/humble/share/ament_lint_auto/cmake)\n'}
[3.377743] (status_display) StdoutLine: {'line': b"-- Added test 'cppcheck' to perform static code analysis on C / C++ code\n"}
[3.377889] (status_display) StdoutLine: {'line': b'-- Configured cppcheck include dirs: \n'}
[3.377927] (status_display) StdoutLine: {'line': b'-- Configured cppcheck exclude dirs and/or files: \n'}
[3.378133] (status_display) StdoutLine: {'line': b"-- Added test 'lint_cmake' to check CMake code style\n"}
[3.378583] (status_display) StdoutLine: {'line': b"-- Added test 'uncrustify' to check C / C++ code style\n"}
[3.378617] (status_display) StdoutLine: {'line': b'-- Configured uncrustify additional arguments: \n'}
[3.378849] (status_display) StdoutLine: {'line': b"-- Added test 'xmllint' to check XML markup files\n"}
[3.379467] (status_display) StdoutLine: {'line': b'-- Configuring done\n'}
[3.382989] (status_display) StdoutLine: {'line': b'-- Generating done\n'}
[3.385939] (status_display) StdoutLine: {'line': b'-- Build files have been written to: /home/loser/learning_ros2/chapt3/topic_practice_ws/build/status_display\n'}
[3.394502] (status_display) CommandEnded: {'returncode': 0}
[3.394817] (status_display) JobProgress: {'identifier': 'status_display', 'progress': 'build'}
[3.394834] (status_display) Command: {'cmd': ['/usr/bin/cmake', '--build', '/home/loser/learning_ros2/chapt3/topic_practice_ws/build/status_display', '--', '-j24', '-l24'], 'cwd': '/home/loser/learning_ros2/chapt3/topic_practice_ws/build/status_display', 'env': OrderedDict([('GJS_DEBUG_TOPICS', 'JS ERROR;JS LOG'), ('LESSOPEN', '| /usr/bin/lesspipe %s'), ('LANGUAGE', 'zh_CN:en_US:en'), ('USER', 'loser'), ('LC_TIME', 'zh_CN.UTF-8'), ('XDG_SESSION_TYPE', 'x11'), ('GIT_ASKPASS', '/usr/share/code/resources/app/extensions/git/dist/askpass.sh'), ('SHLVL', '1'), ('LD_LIBRARY_PATH', '/home/loser/learning_ros2/chapt3/topic_practice_ws/install/status_interfaces/lib:/usr/local/cuda-12.8/lib64:/opt/ros/humble/opt/rviz_ogre_vendor/lib:/opt/ros/humble/lib/x86_64-linux-gnu:/opt/ros/humble/lib:/usr/local/cuda-12.8/lib64'), ('HOME', '/home/loser'), ('CHROME_DESKTOP', 'com.microsoft.VSCode.desktop'), ('OLDPWD', '/home/loser/learning_ros2/chapt3/topic_practice_ws/src/status_display'), ('TERM_PROGRAM_VERSION', '1.140.0'), ('DESKTOP_SESSION', 'ubuntu'), ('GIO_LAUNCHED_DESKTOP_FILE', '/usr/share/applications/com.microsoft.VSCode.desktop'), ('ROS_PYTHON_VERSION', '3'), ('GNOME_SHELL_SESSION_MODE', 'ubuntu'), ('GTK_MODULES', 'gail:atk-bridge'), ('VSCODE_GIT_ASKPASS_MAIN', '/usr/share/code/resources/app/extensions/git/dist/askpass-main.js'), ('LC_MONETARY', 'zh_CN.UTF-8'), ('VSCODE_GIT_ASKPASS_NODE', '/usr/share/code/code'), ('MANAGERPID', '1807'), ('PYDEVD_DISABLE_FILE_VALIDATION', '1'), ('SYSTEMD_EXEC_PID', '2066'), ('BUNDLED_DEBUGPY_PATH', '/home/loser/.vscode/extensions/ms-python.debugpy-2026.6.0-linux-x64/bundled/libs/debugpy'), ('VSCODE_PYTHON_AUTOACTIVATE_GUARD', '1'), ('DBUS_SESSION_BUS_ADDRESS', 'unix:path=/run/user/1000/bus'), ('COLORTERM', 'truecolor'), ('GIO_LAUNCHED_DESKTOP_FILE_PID', '3570'), ('COLCON_PREFIX_PATH', '/home/loser/learning_ros2/chapt3/topic_practice_ws/install:/home/loser/learning_ros2/chapt3/topic_ws/install'), ('ROS_DISTRO', 'humble'), ('GTK_IM_MODULE', 'ibus'), ('LOGNAME', 'loser'), ('JOURNAL_STREAM', '8:18204'), ('_', '/usr/bin/colcon'), ('ROS_VERSION', '2'), ('CLAUDE_CODE_SSE_PORT', '10971'), ('XDG_SESSION_CLASS', 'user'), ('USERNAME', 'loser'), ('TERM', 'xterm-256color'), ('GNOME_DESKTOP_SESSION_ID', 'this-is-deprecated'), ('FC_FONTATIONS', '1'), ('ROS_LOCALHOST_ONLY', '0'), ('WINDOWPATH', '2'), ('PATH', '/home/loser/.local/bin:/usr/local/cuda-12.8/bin:/home/loser/.config/Code/User/globalStorage/github.copilot-chat/debugCommand:/home/loser/.config/Code/User/globalStorage/github.copilot-chat/copilotCli:/home/loser/.local/bin:/opt/ros/humble/bin:/home/loser/.local/bin:/usr/local/cuda-12.8/bin:/home/loser/.local/bin:/usr/local/sbin:/usr/local/bin:/usr/sbin:/usr/bin:/sbin:/bin:/usr/games:/usr/local/games:/snap/bin:/snap/bin:/home/loser/.vscode/extensions/ms-python.debugpy-2026.6.0-linux-x64/bundled/scripts/noConfigScripts'), ('SESSION_MANAGER', 'local/loser:@/tmp/.ICE-unix/2038,unix/loser:/tmp/.ICE-unix/2038'), ('INVOCATION_ID', '42935d3731024a9eba71ea25df45abd8'), ('PAPERSIZE', 'a4'), ('XDG_MENU_PREFIX', 'gnome-'), ('LC_ADDRESS', 'zh_CN.UTF-8'), ('XDG_RUNTIME_DIR', '/run/user/1000'), ('GDK_BACKEND', 'x11'), ('DISPLAY', ':1'), ('VSCODE_DEBUGPY_ADAPTER_ENDPOINTS', '/home/loser/.vscode/extensions/ms-python.debugpy-2026.6.0-linux-x64/.noConfigDebugAdapterEndpoints/endpoint-00fe9316e09dcda9.txt'), ('LANG', 'zh_CN.UTF-8'), ('XDG_CURRENT_DESKTOP', 'ubuntu:GNOME'), ('PYTHONSTARTUP', '/home/loser/.config/Code/User/workspaceStorage/903f5eb7d7f94aea23b675e5f87fe662/ms-python.python/pythonrc.py'), ('LC_TELEPHONE', 'zh_CN.UTF-8'), ('XMODIFIERS', '@im=ibus'), ('XDG_SESSION_DESKTOP', 'ubuntu'), ('XAUTHORITY', '/run/user/1000/gdm/Xauthority'), ('LS_COLORS', 'rs=0:di=01;34:ln=01;36:mh=00:pi=40;33:so=01;35:do=01;35:bd=40;33;01:cd=40;33;01:or=40;31;01:mi=00:su=37;41:sg=30;43:ca=30;41:tw=30;42:ow=34;42:st=37;44:ex=01;32:*.tar=01;31:*.tgz=01;31:*.arc=01;31:*.arj=01;31:*.taz=01;31:*.lha=01;31:*.lz4=01;31:*.lzh=01;31:*.lzma=01;31:*.tlz=01;31:*.txz=01;31:*.tzo=01;31:*.t7z=01;31:*.zip=01;31:*.z=01;31:*.dz=01;31:*.gz=01;31:*.lrz=01;31:*.lz=01;31:*.lzo=01;31:*.xz=01;31:*.zst=01;31:*.tzst=01;31:*.bz2=01;31:*.bz=01;31:*.tbz=01;31:*.tbz2=01;31:*.tz=01;31:*.deb=01;31:*.rpm=01;31:*.jar=01;31:*.war=01;31:*.ear=01;31:*.sar=01;31:*.rar=01;31:*.alz=01;31:*.ace=01;31:*.zoo=01;31:*.cpio=01;31:*.7z=01;31:*.rz=01;31:*.cab=01;31:*.wim=01;31:*.swm=01;31:*.dwm=01;31:*.esd=01;31:*.jpg=01;35:*.jpeg=01;35:*.mjpg=01;35:*.mjpeg=01;35:*.gif=01;35:*.bmp=01;35:*.pbm=01;35:*.pgm=01;35:*.ppm=01;35:*.tga=01;35:*.xbm=01;35:*.xpm=01;35:*.tif=01;35:*.tiff=01;35:*.png=01;35:*.svg=01;35:*.svgz=01;35:*.mng=01;35:*.pcx=01;35:*.mov=01;35:*.mpg=01;35:*.mpeg=01;35:*.m2v=01;35:*.mkv=01;35:*.webm=01;35:*.webp=01;35:*.ogm=01;35:*.mp4=01;35:*.m4v=01;35:*.mp4v=01;35:*.vob=01;35:*.qt=01;35:*.nuv=01;35:*.wmv=01;35:*.asf=01;35:*.rm=01;35:*.rmvb=01;35:*.flc=01;35:*.avi=01;35:*.fli=01;35:*.flv=01;35:*.gl=01;35:*.dl=01;35:*.xcf=01;35:*.xwd=01;35:*.yuv=01;35:*.cgm=01;35:*.emf=01;35:*.ogv=01;35:*.ogx=01;35:*.aac=00;36:*.au=00;36:*.flac=00;36:*.m4a=00;36:*.mid=00;36:*.midi=00;36:*.mka=00;36:*.mp3=00;36:*.mpc=00;36:*.ogg=00;36:*.ra=00;36:*.wav=00;36:*.oga=00;36:*.opus=00;36:*.spx=00;36:*.xspf=00;36:'), ('VSCODE_GIT_IPC_HANDLE', '/run/user/1000/vscode-git-95600973bf.sock'), ('TERM_PROGRAM', 'vscode'), ('SSH_AGENT_LAUNCHER', 'gnome-keyring'), ('SSH_AUTH_SOCK', '/run/user/1000/keyring/ssh'), ('AMENT_PREFIX_PATH', '/home/loser/learning_ros2/chapt3/topic_practice_ws/install/status_publisher:/home/loser/learning_ros2/chapt3/topic_practice_ws/install/status_interfaces:/home/loser/learning_ros2/chapt3/topic_ws/install/demo_python_topic:/home/loser/learning_ros2/chapt3/topic_ws/install/demo_cpp_topic:/opt/ros/humble'), ('SHELL', '/bin/bash'), ('LC_NAME', 'zh_CN.UTF-8'), ('QT_ACCESSIBILITY', '1'), ('GDMSESSION', 'ubuntu'), ('LESSCLOSE', '/usr/bin/lesspipe %s %s'), ('LC_MEASUREMENT', 'zh_CN.UTF-8'), ('GPG_AGENT_INFO', '/run/user/1000/gnupg/S.gpg-agent:0:1'), ('GJS_DEBUG_OUTPUT', 'stderr'), ('LC_IDENTIFICATION', 'zh_CN.UTF-8'), ('VSCODE_GIT_ASKPASS_EXTRA_ARGS', ''), ('QT_IM_MODULE', 'ibus'), ('PWD', '/home/loser/learning_ros2/chapt3/topic_practice_ws/build/status_display'), ('LC_ALL', 'en_US.UTF-8'), ('XDG_CONFIG_DIRS', '/etc/xdg/xdg-ubuntu:/etc/xdg'), ('COPILOT_DEBUG_NONCE', '99724c0eb217d5a8607c718ce98a4790'), ('XDG_DATA_DIRS', '/usr/share/ubuntu:/usr/share/gnome:/usr/local/share/:/usr/share/:/var/lib/snapd/desktop'), ('PYTHONPATH', '/home/loser/learning_ros2/chapt3/topic_practice_ws/install/status_publisher/lib/python3.10/site-packages:/home/loser/learning_ros2/chapt3/topic_practice_ws/install/status_interfaces/local/lib/python3.10/dist-packages:/home/loser/learning_ros2/chapt3/topic_ws/install/demo_python_topic/lib/python3.10/site-packages:/opt/ros/humble/lib/python3.10/site-packages:/opt/ros/humble/local/lib/python3.10/dist-packages'), ('LC_NUMERIC', 'zh_CN.UTF-8'), ('LC_PAPER', 'zh_CN.UTF-8'), ('COLCON', '1'), ('CMAKE_PREFIX_PATH', '/home/loser/learning_ros2/chapt3/topic_practice_ws/install/status_interfaces:/home/loser/learning_ros2/chapt3/topic_ws/install/demo_cpp_topic:/home/loser/learning_ros2/chapt3/topic_practice_ws/install/status_publisher:/home/loser/learning_ros2/chapt3/topic_ws/install/demo_python_topic:/opt/ros/humble')]), 'shell': False}
[3.405738] (-) TimerEvent: {}
[3.427931] (status_display) StdoutLine: {'line': b'[ 50%] \x1b[32mBuilding CXX object CMakeFiles/hello_qt.dir/src/hello_qt.cpp.o\x1b[0m\n'}
[3.505856] (-) TimerEvent: {}
[3.606213] (-) TimerEvent: {}
[3.706560] (-) TimerEvent: {}
[3.806819] (-) TimerEvent: {}
[3.907082] (-) TimerEvent: {}
[3.954482] (status_display) StdoutLine: {'line': b'[100%] \x1b[32m\x1b[1mLinking CXX executable hello_qt\x1b[0m\n'}
[4.007178] (-) TimerEvent: {}
[4.107567] (-) TimerEvent: {}
[4.188286] (status_display) StdoutLine: {'line': b'[100%] Built target hello_qt\n'}
[4.198379] (status_display) CommandEnded: {'returncode': 0}
[4.198882] (status_display) JobProgress: {'identifier': 'status_display', 'progress': 'install'}
[4.199541] (status_display) Command: {'cmd': ['/usr/bin/cmake', '--install', '/home/loser/learning_ros2/chapt3/topic_practice_ws/build/status_display'], 'cwd': '/home/loser/learning_ros2/chapt3/topic_practice_ws/build/status_display', 'env': OrderedDict([('GJS_DEBUG_TOPICS', 'JS ERROR;JS LOG'), ('LESSOPEN', '| /usr/bin/lesspipe %s'), ('LANGUAGE', 'zh_CN:en_US:en'), ('USER', 'loser'), ('LC_TIME', 'zh_CN.UTF-8'), ('XDG_SESSION_TYPE', 'x11'), ('GIT_ASKPASS', '/usr/share/code/resources/app/extensions/git/dist/askpass.sh'), ('SHLVL', '1'), ('LD_LIBRARY_PATH', '/home/loser/learning_ros2/chapt3/topic_practice_ws/install/status_interfaces/lib:/usr/local/cuda-12.8/lib64:/opt/ros/humble/opt/rviz_ogre_vendor/lib:/opt/ros/humble/lib/x86_64-linux-gnu:/opt/ros/humble/lib:/usr/local/cuda-12.8/lib64'), ('HOME', '/home/loser'), ('CHROME_DESKTOP', 'com.microsoft.VSCode.desktop'), ('OLDPWD', '/home/loser/learning_ros2/chapt3/topic_practice_ws/src/status_display'), ('TERM_PROGRAM_VERSION', '1.140.0'), ('DESKTOP_SESSION', 'ubuntu'), ('GIO_LAUNCHED_DESKTOP_FILE', '/usr/share/applications/com.microsoft.VSCode.desktop'), ('ROS_PYTHON_VERSION', '3'), ('GNOME_SHELL_SESSION_MODE', 'ubuntu'), ('GTK_MODULES', 'gail:atk-bridge'), ('VSCODE_GIT_ASKPASS_MAIN', '/usr/share/code/resources/app/extensions/git/dist/askpass-main.js'), ('LC_MONETARY', 'zh_CN.UTF-8'), ('VSCODE_GIT_ASKPASS_NODE', '/usr/share/code/code'), ('MANAGERPID', '1807'), ('PYDEVD_DISABLE_FILE_VALIDATION', '1'), ('SYSTEMD_EXEC_PID', '2066'), ('BUNDLED_DEBUGPY_PATH', '/home/loser/.vscode/extensions/ms-python.debugpy-2026.6.0-linux-x64/bundled/libs/debugpy'), ('VSCODE_PYTHON_AUTOACTIVATE_GUARD', '1'), ('DBUS_SESSION_BUS_ADDRESS', 'unix:path=/run/user/1000/bus'), ('COLORTERM', 'truecolor'), ('GIO_LAUNCHED_DESKTOP_FILE_PID', '3570'), ('COLCON_PREFIX_PATH', '/home/loser/learning_ros2/chapt3/topic_practice_ws/install:/home/loser/learning_ros2/chapt3/topic_ws/install'), ('ROS_DISTRO', 'humble'), ('GTK_IM_MODULE', 'ibus'), ('LOGNAME', 'loser'), ('JOURNAL_STREAM', '8:18204'), ('_', '/usr/bin/colcon'), ('ROS_VERSION', '2'), ('CLAUDE_CODE_SSE_PORT', '10971'), ('XDG_SESSION_CLASS', 'user'), ('USERNAME', 'loser'), ('TERM', 'xterm-256color'), ('GNOME_DESKTOP_SESSION_ID', 'this-is-deprecated'), ('FC_FONTATIONS', '1'), ('ROS_LOCALHOST_ONLY', '0'), ('WINDOWPATH', '2'), ('PATH', '/home/loser/.local/bin:/usr/local/cuda-12.8/bin:/home/loser/.config/Code/User/globalStorage/github.copilot-chat/debugCommand:/home/loser/.config/Code/User/globalStorage/github.copilot-chat/copilotCli:/home/loser/.local/bin:/opt/ros/humble/bin:/home/loser/.local/bin:/usr/local/cuda-12.8/bin:/home/loser/.local/bin:/usr/local/sbin:/usr/local/bin:/usr/sbin:/usr/bin:/sbin:/bin:/usr/games:/usr/local/games:/snap/bin:/snap/bin:/home/loser/.vscode/extensions/ms-python.debugpy-2026.6.0-linux-x64/bundled/scripts/noConfigScripts'), ('SESSION_MANAGER', 'local/loser:@/tmp/.ICE-unix/2038,unix/loser:/tmp/.ICE-unix/2038'), ('INVOCATION_ID', '42935d3731024a9eba71ea25df45abd8'), ('PAPERSIZE', 'a4'), ('XDG_MENU_PREFIX', 'gnome-'), ('LC_ADDRESS', 'zh_CN.UTF-8'), ('XDG_RUNTIME_DIR', '/run/user/1000'), ('GDK_BACKEND', 'x11'), ('DISPLAY', ':1'), ('VSCODE_DEBUGPY_ADAPTER_ENDPOINTS', '/home/loser/.vscode/extensions/ms-python.debugpy-2026.6.0-linux-x64/.noConfigDebugAdapterEndpoints/endpoint-00fe9316e09dcda9.txt'), ('LANG', 'zh_CN.UTF-8'), ('XDG_CURRENT_DESKTOP', 'ubuntu:GNOME'), ('PYTHONSTARTUP', '/home/loser/.config/Code/User/workspaceStorage/903f5eb7d7f94aea23b675e5f87fe662/ms-python.python/pythonrc.py'), ('LC_TELEPHONE', 'zh_CN.UTF-8'), ('XMODIFIERS', '@im=ibus'), ('XDG_SESSION_DESKTOP', 'ubuntu'), ('XAUTHORITY', '/run/user/1000/gdm/Xauthority'), ('LS_COLORS', 'rs=0:di=01;34:ln=01;36:mh=00:pi=40;33:so=01;35:do=01;35:bd=40;33;01:cd=40;33;01:or=40;31;01:mi=00:su=37;41:sg=30;43:ca=30;41:tw=30;42:ow=34;42:st=37;44:ex=01;32:*.tar=01;31:*.tgz=01;31:*.arc=01;31:*.arj=01;31:*.taz=01;31:*.lha=01;31:*.lz4=01;31:*.lzh=01;31:*.lzma=01;31:*.tlz=01;31:*.txz=01;31:*.tzo=01;31:*.t7z=01;31:*.zip=01;31:*.z=01;31:*.dz=01;31:*.gz=01;31:*.lrz=01;31:*.lz=01;31:*.lzo=01;31:*.xz=01;31:*.zst=01;31:*.tzst=01;31:*.bz2=01;31:*.bz=01;31:*.tbz=01;31:*.tbz2=01;31:*.tz=01;31:*.deb=01;31:*.rpm=01;31:*.jar=01;31:*.war=01;31:*.ear=01;31:*.sar=01;31:*.rar=01;31:*.alz=01;31:*.ace=01;31:*.zoo=01;31:*.cpio=01;31:*.7z=01;31:*.rz=01;31:*.cab=01;31:*.wim=01;31:*.swm=01;31:*.dwm=01;31:*.esd=01;31:*.jpg=01;35:*.jpeg=01;35:*.mjpg=01;35:*.mjpeg=01;35:*.gif=01;35:*.bmp=01;35:*.pbm=01;35:*.pgm=01;35:*.ppm=01;35:*.tga=01;35:*.xbm=01;35:*.xpm=01;35:*.tif=01;35:*.tiff=01;35:*.png=01;35:*.svg=01;35:*.svgz=01;35:*.mng=01;35:*.pcx=01;35:*.mov=01;35:*.mpg=01;35:*.mpeg=01;35:*.m2v=01;35:*.mkv=01;35:*.webm=01;35:*.webp=01;35:*.ogm=01;35:*.mp4=01;35:*.m4v=01;35:*.mp4v=01;35:*.vob=01;35:*.qt=01;35:*.nuv=01;35:*.wmv=01;35:*.asf=01;35:*.rm=01;35:*.rmvb=01;35:*.flc=01;35:*.avi=01;35:*.fli=01;35:*.flv=01;35:*.gl=01;35:*.dl=01;35:*.xcf=01;35:*.xwd=01;35:*.yuv=01;35:*.cgm=01;35:*.emf=01;35:*.ogv=01;35:*.ogx=01;35:*.aac=00;36:*.au=00;36:*.flac=00;36:*.m4a=00;36:*.mid=00;36:*.midi=00;36:*.mka=00;36:*.mp3=00;36:*.mpc=00;36:*.ogg=00;36:*.ra=00;36:*.wav=00;36:*.oga=00;36:*.opus=00;36:*.spx=00;36:*.xspf=00;36:'), ('VSCODE_GIT_IPC_HANDLE', '/run/user/1000/vscode-git-95600973bf.sock'), ('TERM_PROGRAM', 'vscode'), ('SSH_AGENT_LAUNCHER', 'gnome-keyring'), ('SSH_AUTH_SOCK', '/run/user/1000/keyring/ssh'), ('AMENT_PREFIX_PATH', '/home/loser/learning_ros2/chapt3/topic_practice_ws/install/status_publisher:/home/loser/learning_ros2/chapt3/topic_practice_ws/install/status_interfaces:/home/loser/learning_ros2/chapt3/topic_ws/install/demo_python_topic:/home/loser/learning_ros2/chapt3/topic_ws/install/demo_cpp_topic:/opt/ros/humble'), ('SHELL', '/bin/bash'), ('LC_NAME', 'zh_CN.UTF-8'), ('QT_ACCESSIBILITY', '1'), ('GDMSESSION', 'ubuntu'), ('LESSCLOSE', '/usr/bin/lesspipe %s %s'), ('LC_MEASUREMENT', 'zh_CN.UTF-8'), ('GPG_AGENT_INFO', '/run/user/1000/gnupg/S.gpg-agent:0:1'), ('GJS_DEBUG_OUTPUT', 'stderr'), ('LC_IDENTIFICATION', 'zh_CN.UTF-8'), ('VSCODE_GIT_ASKPASS_EXTRA_ARGS', ''), ('QT_IM_MODULE', 'ibus'), ('PWD', '/home/loser/learning_ros2/chapt3/topic_practice_ws/build/status_display'), ('LC_ALL', 'en_US.UTF-8'), ('XDG_CONFIG_DIRS', '/etc/xdg/xdg-ubuntu:/etc/xdg'), ('COPILOT_DEBUG_NONCE', '99724c0eb217d5a8607c718ce98a4790'), ('XDG_DATA_DIRS', '/usr/share/ubuntu:/usr/share/gnome:/usr/local/share/:/usr/share/:/var/lib/snapd/desktop'), ('PYTHONPATH', '/home/loser/learning_ros2/chapt3/topic_practice_ws/install/status_publisher/lib/python3.10/site-packages:/home/loser/learning_ros2/chapt3/topic_practice_ws/install/status_interfaces/local/lib/python3.10/dist-packages:/home/loser/learning_ros2/chapt3/topic_ws/install/demo_python_topic/lib/python3.10/site-packages:/opt/ros/humble/lib/python3.10/site-packages:/opt/ros/humble/local/lib/python3.10/dist-packages'), ('LC_NUMERIC', 'zh_CN.UTF-8'), ('LC_PAPER', 'zh_CN.UTF-8'), ('COLCON', '1'), ('CMAKE_PREFIX_PATH', '/home/loser/learning_ros2/chapt3/topic_practice_ws/install/status_interfaces:/home/loser/learning_ros2/chapt3/topic_ws/install/demo_cpp_topic:/home/loser/learning_ros2/chapt3/topic_practice_ws/install/status_publisher:/home/loser/learning_ros2/chapt3/topic_ws/install/demo_python_topic:/opt/ros/humble')]), 'shell': False}
[4.203783] (status_display) StdoutLine: {'line': b'-- Install configuration: ""\n'}
[4.204465] (status_display) StdoutLine: {'line': b'-- Installing: /home/loser/learning_ros2/chapt3/topic_practice_ws/install/status_display/lib/status_display/hello_qt\n'}
[4.204504] (status_display) StdoutLine: {'line': b'-- Installing: /home/loser/learning_ros2/chapt3/topic_practice_ws/install/status_display/share/ament_index/resource_index/package_run_dependencies/status_display\n'}
[4.204534] (status_display) StdoutLine: {'line': b'-- Installing: /home/loser/learning_ros2/chapt3/topic_practice_ws/install/status_display/share/ament_index/resource_index/parent_prefix_path/status_display\n'}
[4.204610] (status_display) StdoutLine: {'line': b'-- Installing: /home/loser/learning_ros2/chapt3/topic_practice_ws/install/status_display/share/status_display/environment/ament_prefix_path.sh\n'}
[4.204636] (status_display) StdoutLine: {'line': b'-- Installing: /home/loser/learning_ros2/chapt3/topic_practice_ws/install/status_display/share/status_display/environment/ament_prefix_path.dsv\n'}
[4.204691] (status_display) StdoutLine: {'line': b'-- Installing: /home/loser/learning_ros2/chapt3/topic_practice_ws/install/status_display/share/status_display/environment/path.sh\n'}
[4.204715] (status_display) StdoutLine: {'line': b'-- Installing: /home/loser/learning_ros2/chapt3/topic_practice_ws/install/status_display/share/status_display/environment/path.dsv\n'}
[4.204737] (status_display) StdoutLine: {'line': b'-- Installing: /home/loser/learning_ros2/chapt3/topic_practice_ws/install/status_display/share/status_display/local_setup.bash\n'}
[4.204759] (status_display) StdoutLine: {'line': b'-- Installing: /home/loser/learning_ros2/chapt3/topic_practice_ws/install/status_display/share/status_display/local_setup.sh\n'}
[4.204781] (status_display) StdoutLine: {'line': b'-- Installing: /home/loser/learning_ros2/chapt3/topic_practice_ws/install/status_display/share/status_display/local_setup.zsh\n'}
[4.204802] (status_display) StdoutLine: {'line': b'-- Installing: /home/loser/learning_ros2/chapt3/topic_practice_ws/install/status_display/share/status_display/local_setup.dsv\n'}
[4.204828] (status_display) StdoutLine: {'line': b'-- Installing: /home/loser/learning_ros2/chapt3/topic_practice_ws/install/status_display/share/status_display/package.dsv\n'}
[4.204851] (status_display) StdoutLine: {'line': b'-- Installing: /home/loser/learning_ros2/chapt3/topic_practice_ws/install/status_display/share/ament_index/resource_index/packages/status_display\n'}
[4.204872] (status_display) StdoutLine: {'line': b'-- Installing: /home/loser/learning_ros2/chapt3/topic_practice_ws/install/status_display/share/status_display/cmake/status_displayConfig.cmake\n'}
[4.204894] (status_display) StdoutLine: {'line': b'-- Installing: /home/loser/learning_ros2/chapt3/topic_practice_ws/install/status_display/share/status_display/cmake/status_displayConfig-version.cmake\n'}
[4.204916] (status_display) StdoutLine: {'line': b'-- Installing: /home/loser/learning_ros2/chapt3/topic_practice_ws/install/status_display/share/status_display/package.xml\n'}
[4.207979] (status_display) CommandEnded: {'returncode': 0}
[4.208665] (-) TimerEvent: {}
[4.213499] (status_display) JobEnded: {'identifier': 'status_display', 'rc': 0}
[4.214191] (-) EventReactorShutdown: {}
